Datetime,Degrees
2015-05-26 15:30:09+01:00,255
2015-05-26 15:29:09+01:00,255
2015-05-26 15:28:09+01:00,255
2015-05-26 15:27:09+01:00,255
2015-05-26 15:26:09+01:00,255
2015-05-26 15:25:09+01:00,255
2015-05-26 15:24:09+01:00,255
2015-05-26 15:23:09+01:00,255
2015-05-26 15:22:09+01:00,255
2015-05-26 15:21:09+01:00,255
2015-05-26 15:20:09+01:00,255
2015-05-26 15:19:09+01:00,255
2015-05-26 15:18:09+01:00,255
2015-05-26 15:17:09+01:00,255
2015-05-26 15:16:09+01:00,255
2015-05-26 15:15:09+01:00,255
2015-05-26 15:14:09+01:00,255
2015-05-26 15:13:09+01:00,255
2015-05-26 15:12:09+01:00,255
2015-05-26 15:11:09+01:00,255
2015-05-26 15:09:09+01:00,255
2015-05-26 15:08:09+01:00,255
2015-05-26 15:07:09+01:00,255
2015-05-26 15:06:09+01:00,255
2015-05-26 15:05:09+01:00,255
2015-05-26 14:11:23+01:00,315
2015-05-26 14:10:23+01:00,315
2015-05-26 14:09:23+01:00,270
2015-05-26 14:08:23+01:00,315
2015-05-26 14:07:23+01:00,315
2015-05-26 14:06:23+01:00,315
2015-05-26 14:05:23+01:00,315
2015-05-26 14:03:23+01:00,315
2015-05-26 14:02:23+01:00,315
2015-05-26 14:01:23+01:00,315
2015-05-26 14:00:23+01:00,315
2015-05-26 13:59:23+01:00,315
2015-05-26 13:58:23+01:00,315
2015-05-26 13:57:23+01:00,315
2015-05-26 13:56:23+01:00,315
2015-05-26 13:55:23+01:00,315
2015-05-26 13:54:23+01:00,315
2015-05-26 13:53:23+01:00,315
2015-05-26 13:52:23+01:00,0
2015-05-26 13:51:23+01:00,315
2015-05-26 13:50:23+01:00,315
2015-05-26 13:49:23+01:00,315
2015-05-26 13:48:23+01:00,315
2015-05-26 13:47:23+01:00,315
2015-05-26 13:46:23+01:00,315
2015-05-26 13:45:23+01:00,315
2015-05-26 13:44:23+01:00,315
2015-05-26 13:43:23+01:00,315
2015-05-26 13:42:23+01:00,315
2015-05-26 13:41:23+01:00,315
2015-05-26 13:40:23+01:00,315
2015-05-26 13:39:23+01:00,315
2015-05-26 13:38:23+01:00,315
2015-05-26 13:37:23+01:00,315
2015-05-26 13:35:23+01:00,315
2015-05-26 13:34:23+01:00,315
2015-05-26 13:33:23+01:00,315
2015-05-26 13:32:23+01:00,315
2015-05-26 13:31:23+01:00,315
2015-05-26 13:30:23+01:00,315
2015-05-26 13:29:23+01:00,270
2015-05-26 13:28:23+01:00,315
2015-05-26 13:27:23+01:00,315
2015-05-26 13:27:18+01:00,45
2015-05-26 13:26:23+01:00,315
2015-05-26 13:26:18+01:00,45
2015-05-26 13:25:23+01:00,315
2015-05-26 13:25:18+01:00,45
2015-05-26 13:24:23+01:00,315
2015-05-26 13:24:18+01:00,45
2015-05-26 13:23:23+01:00,315
2015-05-26 13:23:18+01:00,45
2015-05-26 13:22:23+01:00,315
2015-05-26 13:22:18+01:00,315
2015-05-26 13:21:23+01:00,315
2015-05-26 13:21:18+01:00,315
2015-05-26 13:20:24+01:00,315
2015-05-26 13:20:23+01:00,315
2015-05-26 13:19:24+01:00,315
2015-05-26 13:19:23+01:00,315
2015-05-26 13:18:24+01:00,315
2015-05-26 13:18:23+01:00,315
2015-05-26 13:17:23+01:00,315
2015-05-26 13:16:23+01:00,315
2015-05-26 13:15:23+01:00,315
2015-05-26 13:14:23+01:00,315
2015-05-26 13:13:23+01:00,315
2015-05-26 13:12:23+01:00,315
2015-05-26 13:11:23+01:00,315
2015-05-26 13:10:23+01:00,315
2015-05-26 13:08:23+01:00,315
2015-05-26 13:07:23+01:00,315
2015-05-26 13:06:23+01:00,315
2015-05-26 13:05:23+01:00,315
2015-05-26 13:04:23+01:00,315
2015-05-26 13:03:23+01:00,315
2015-05-26 13:02:23+01:00,315
2015-05-26 13:01:23+01:00,315
2015-05-26 13:00:23+01:00,315
2015-05-26 12:59:23+01:00,315
2015-05-26 12:58:23+01:00,315
2015-05-26 12:56:23+01:00,315
2015-05-26 12:55:23+01:00,315
2015-05-26 12:54:23+01:00,315
2015-05-26 12:53:23+01:00,315
2015-05-26 12:52:23+01:00,315
2015-05-26 12:51:23+01:00,315
2015-05-26 12:50:23+01:00,315
2015-05-26 12:49:23+01:00,315
2015-05-26 12:48:23+01:00,315
2015-05-26 12:47:23+01:00,315
2015-05-26 12:46:23+01:00,315
2015-05-26 12:45:23+01:00,315
2015-05-26 12:44:23+01:00,315
2015-05-26 12:43:23+01:00,315
2015-05-26 12:42:23+01:00,315
2015-05-26 12:41:23+01:00,315
2015-05-26 12:40:23+01:00,315
2015-05-26 12:39:23+01:00,315
2015-05-26 12:38:23+01:00,315
2015-05-26 12:37:23+01:00,315
2015-05-26 12:36:23+01:00,315
2015-05-26 12:35:23+01:00,315
2015-05-26 12:34:23+01:00,315
2015-05-26 12:33:23+01:00,270
2015-05-26 12:32:23+01:00,315
2015-05-26 12:31:23+01:00,315
2015-05-26 12:30:23+01:00,315
2015-05-26 12:29:23+01:00,315
2015-05-26 12:28:23+01:00,315
2015-05-26 12:27:23+01:00,315
2015-05-26 12:26:23+01:00,315
2015-05-26 12:25:23+01:00,315
2015-05-26 12:24:23+01:00,315
2015-05-26 12:23:23+01:00,270
2015-05-26 12:22:23+01:00,315
2015-05-26 12:21:23+01:00,315
2015-05-26 12:20:23+01:00,315
2015-05-26 12:19:23+01:00,315
2015-05-26 12:18:23+01:00,315
2015-05-26 12:17:23+01:00,315
2015-05-26 12:16:23+01:00,315
2015-05-26 12:15:23+01:00,315
2015-05-26 12:14:23+01:00,315
2015-05-26 12:13:23+01:00,315
2015-05-26 12:12:23+01:00,315
2015-05-26 12:11:23+01:00,315
2015-05-26 12:10:23+01:00,315
2015-05-26 12:09:23+01:00,315
2015-05-26 12:08:23+01:00,315
2015-05-26 12:07:23+01:00,315
2015-05-26 12:06:23+01:00,315
2015-05-26 12:05:23+01:00,315
2015-05-26 12:03:23+01:00,315
2015-05-26 12:02:23+01:00,315
2015-05-26 12:01:23+01:00,315
2015-05-26 12:00:23+01:00,315
2015-05-26 11:59:23+01:00,270
2015-05-26 11:58:23+01:00,270
2015-05-26 11:57:23+01:00,315
2015-05-26 11:56:23+01:00,315
2015-05-26 11:55:23+01:00,315
2015-05-26 11:54:23+01:00,315
2015-05-26 11:53:23+01:00,315
2015-05-26 11:52:23+01:00,315
2015-05-26 11:51:23+01:00,315
2015-05-26 11:50:23+01:00,315
2015-05-26 11:49:23+01:00,315
2015-05-26 11:48:23+01:00,315
2015-05-26 11:47:23+01:00,315
2015-05-26 11:46:23+01:00,315
2015-05-26 11:45:23+01:00,315
2015-05-26 11:44:23+01:00,315
2015-05-26 11:43:23+01:00,315
2015-05-26 11:42:23+01:00,315
2015-05-26 11:41:23+01:00,315
2015-05-26 11:40:23+01:00,315
2015-05-26 11:39:23+01:00,315
2015-05-26 11:38:23+01:00,315
2015-05-26 11:37:23+01:00,315
2015-05-26 11:36:23+01:00,315
2015-05-26 11:35:23+01:00,315
2015-05-26 11:34:23+01:00,315
2015-05-26 11:33:23+01:00,315
2015-05-26 11:32:23+01:00,315
2015-05-26 11:31:23+01:00,315
2015-05-26 11:30:23+01:00,315
2015-05-26 11:29:23+01:00,315
2015-05-26 11:28:23+01:00,315
2015-05-26 11:27:23+01:00,315
2015-05-26 11:26:23+01:00,315
2015-05-26 11:25:23+01:00,315
2015-05-26 11:24:23+01:00,0
2015-05-26 11:23:23+01:00,0
2015-05-26 11:22:23+01:00,0
2015-05-26 11:21:23+01:00,0
2015-05-26 11:20:23+01:00,0
2015-05-26 11:19:23+01:00,0
2015-05-26 11:18:23+01:00,315
2015-05-26 11:17:23+01:00,315
2015-05-26 11:16:23+01:00,315
2015-05-26 11:15:23+01:00,315
2015-05-26 11:14:23+01:00,315
2015-05-26 11:13:23+01:00,315
2015-05-26 11:12:23+01:00,45
2015-05-26 11:11:23+01:00,45
2015-05-26 11:10:23+01:00,45
2015-05-26 11:09:23+01:00,45
2015-05-26 11:08:23+01:00,45
2015-05-26 11:07:23+01:00,45
2015-05-26 11:06:23+01:00,45
2015-05-26 11:05:23+01:00,45
2015-05-26 11:04:23+01:00,45
2015-05-26 11:03:23+01:00,45
2015-05-26 11:02:23+01:00,45
2015-05-26 11:01:23+01:00,45
2015-05-26 11:00:23+01:00,270
2015-05-26 10:59:23+01:00,270
2015-05-26 10:58:23+01:00,270
2015-05-26 10:57:23+01:00,270
2015-05-26 10:56:23+01:00,270
2015-05-26 10:55:23+01:00,270
2015-05-26 10:54:23+01:00,270
2015-05-26 10:53:23+01:00,270
2015-05-26 10:52:23+01:00,270
2015-05-26 10:51:23+01:00,270
2015-05-26 10:50:23+01:00,270
2015-05-26 10:49:23+01:00,270
2015-05-26 10:48:23+01:00,270
2015-05-26 10:47:23+01:00,270
2015-05-26 10:46:23+01:00,270
2015-05-26 10:44:23+01:00,270
2015-05-26 10:43:23+01:00,270
2015-05-26 10:42:23+01:00,270
2015-05-26 10:41:23+01:00,270
2015-05-26 10:40:23+01:00,315
2015-05-26 10:39:23+01:00,315
2015-05-26 10:38:23+01:00,270
2015-05-26 10:37:23+01:00,270
2015-05-26 10:36:23+01:00,270
2015-05-26 10:35:23+01:00,270
2015-05-26 10:34:23+01:00,270
2015-05-26 10:33:23+01:00,270
2015-05-26 10:32:23+01:00,270
2015-05-26 10:31:23+01:00,270
2015-05-26 10:30:23+01:00,270
2015-05-26 10:29:23+01:00,270
2015-05-26 10:28:23+01:00,315
2015-05-26 10:27:23+01:00,270
2015-05-26 10:26:23+01:00,270
2015-05-26 10:25:23+01:00,270
2015-05-26 10:24:23+01:00,270
2015-05-26 10:23:23+01:00,270
2015-05-26 10:22:23+01:00,270
2015-05-26 10:21:23+01:00,270
2015-05-26 10:20:23+01:00,270
2015-05-26 10:19:23+01:00,270
2015-05-26 10:18:23+01:00,315
2015-05-26 10:17:23+01:00,270
2015-05-26 10:16:23+01:00,270
2015-05-26 10:15:23+01:00,270
2015-05-26 10:14:23+01:00,270
2015-05-26 10:13:23+01:00,315
2015-05-26 10:12:23+01:00,270
2015-05-26 10:11:23+01:00,315
2015-05-26 10:10:23+01:00,270
2015-05-26 10:09:23+01:00,270
2015-05-26 10:08:23+01:00,270
2015-05-26 10:07:23+01:00,270
2015-05-26 10:06:23+01:00,315
2015-05-26 10:05:23+01:00,270
2015-05-26 10:04:23+01:00,270
2015-05-26 10:03:23+01:00,270
2015-05-26 10:02:23+01:00,270
2015-05-26 10:01:23+01:00,315
2015-05-26 10:00:23+01:00,270
2015-05-26 09:59:23+01:00,270
2015-05-26 09:58:23+01:00,270
2015-05-26 09:57:23+01:00,270
2015-05-26 09:56:23+01:00,270
2015-05-26 09:55:23+01:00,315
2015-05-26 09:54:23+01:00,315
2015-05-26 09:53:23+01:00,270
2015-05-26 09:52:23+01:00,270
2015-05-26 09:51:23+01:00,315
2015-05-26 09:50:23+01:00,270
2015-05-26 09:49:23+01:00,270
2015-05-26 09:48:23+01:00,270
2015-05-26 09:47:23+01:00,270
2015-05-26 09:46:23+01:00,315
2015-05-26 09:45:23+01:00,270
2015-05-26 09:44:23+01:00,315
2015-05-26 09:43:23+01:00,270
2015-05-26 09:42:23+01:00,270
2015-05-26 09:41:23+01:00,270
2015-05-26 09:40:23+01:00,315
2015-05-26 09:39:23+01:00,315
2015-05-26 09:38:23+01:00,315
2015-05-26 09:37:23+01:00,315
2015-05-26 09:36:23+01:00,315
2015-05-26 09:35:23+01:00,315
2015-05-26 09:34:23+01:00,315
2015-05-26 09:33:23+01:00,315
2015-05-26 09:32:23+01:00,315
2015-05-26 09:31:23+01:00,315
2015-05-26 09:30:23+01:00,315
2015-05-26 09:29:23+01:00,315
2015-05-26 09:28:23+01:00,315
2015-05-26 09:27:23+01:00,315
2015-05-26 09:26:23+01:00,315
2015-05-26 09:25:23+01:00,315
2015-05-26 09:24:23+01:00,315
2015-05-26 09:23:23+01:00,315
2015-05-26 09:22:23+01:00,315
2015-05-26 09:21:23+01:00,315
2015-05-26 09:20:23+01:00,315
2015-05-26 09:19:23+01:00,315
2015-05-26 09:18:23+01:00,315
2015-05-26 09:17:23+01:00,315
2015-05-26 09:16:23+01:00,315
2015-05-26 09:15:23+01:00,0
2015-05-26 09:14:23+01:00,315
2015-05-26 09:13:23+01:00,315
2015-05-26 09:12:23+01:00,315
2015-05-26 09:11:23+01:00,315
2015-05-26 09:10:23+01:00,315
2015-05-26 09:09:23+01:00,270
2015-05-26 09:08:23+01:00,315
2015-05-26 09:07:23+01:00,315
2015-05-26 09:06:23+01:00,315
2015-05-26 09:05:23+01:00,315
2015-05-26 09:04:23+01:00,315
2015-05-26 09:03:23+01:00,315
2015-05-26 09:02:23+01:00,315
2015-05-26 09:01:23+01:00,315
2015-05-26 09:00:23+01:00,315
2015-05-26 08:59:23+01:00,315
2015-05-26 08:58:23+01:00,315
2015-05-26 08:57:23+01:00,315
2015-05-26 08:56:23+01:00,315
2015-05-26 08:55:23+01:00,315
2015-05-26 08:54:23+01:00,315
2015-05-26 08:53:23+01:00,315
2015-05-26 08:52:23+01:00,315
2015-05-26 08:51:23+01:00,315
2015-05-26 08:50:23+01:00,270
2015-05-26 08:49:23+01:00,90
2015-05-26 08:48:23+01:00,90
2015-05-26 08:47:23+01:00,90
2015-05-26 08:46:23+01:00,90
2015-05-26 08:45:23+01:00,90
2015-05-26 08:44:23+01:00,90
2015-05-26 08:43:23+01:00,90
2015-05-26 08:42:23+01:00,90
2015-05-26 08:41:23+01:00,315
2015-05-26 08:40:23+01:00,315
2015-05-26 08:39:23+01:00,315
2015-05-26 08:38:23+01:00,315
2015-05-26 08:36:23+01:00,315
2015-05-26 08:35:23+01:00,315
2015-05-26 08:34:23+01:00,315
2015-05-26 08:33:23+01:00,315
2015-05-26 08:32:23+01:00,315
2015-05-26 08:31:23+01:00,315
2015-05-26 08:30:23+01:00,315
2015-05-26 08:29:23+01:00,315
2015-05-26 08:28:23+01:00,315
2015-05-26 08:27:23+01:00,315
2015-05-26 08:26:23+01:00,315
2015-05-26 08:25:23+01:00,315
2015-05-26 08:24:23+01:00,315
2015-05-26 08:23:23+01:00,315
2015-05-26 08:21:23+01:00,270
2015-05-26 08:20:23+01:00,315
2015-05-26 08:19:23+01:00,315
2015-05-26 08:18:23+01:00,315
2015-05-26 08:17:23+01:00,315
2015-05-26 08:16:23+01:00,315
2015-05-26 08:15:23+01:00,0
2015-05-26 08:14:23+01:00,270
2015-05-26 08:13:23+01:00,270
2015-05-26 08:12:23+01:00,270
2015-05-26 08:11:23+01:00,270
2015-05-26 08:10:23+01:00,270
2015-05-26 08:09:23+01:00,270
2015-05-26 08:08:23+01:00,270
2015-05-26 08:07:23+01:00,270
2015-05-26 08:06:23+01:00,270
2015-05-26 08:05:23+01:00,315
2015-05-26 08:04:23+01:00,270
2015-05-26 08:03:23+01:00,270
2015-05-26 08:02:23+01:00,270
2015-05-26 08:01:23+01:00,270
2015-05-26 08:00:23+01:00,270
2015-05-26 07:59:23+01:00,315
2015-05-26 07:58:23+01:00,270
2015-05-26 07:57:23+01:00,270
2015-05-26 07:56:23+01:00,270
2015-05-26 07:55:23+01:00,270
2015-05-26 07:54:23+01:00,270
2015-05-26 07:53:23+01:00,270
2015-05-26 07:52:23+01:00,315
2015-05-26 07:51:23+01:00,270
2015-05-26 07:50:23+01:00,270
2015-05-26 07:49:23+01:00,270
2015-05-26 07:48:23+01:00,270
2015-05-26 07:47:23+01:00,270
2015-05-26 07:46:23+01:00,315
2015-05-26 07:45:23+01:00,270
2015-05-26 07:43:23+01:00,270
2015-05-26 07:42:23+01:00,270
2015-05-26 07:41:23+01:00,270
2015-05-26 07:40:23+01:00,315
2015-05-26 07:39:23+01:00,315
2015-05-26 07:38:23+01:00,270
2015-05-26 07:37:23+01:00,270
2015-05-26 07:36:23+01:00,270
2015-05-26 07:35:23+01:00,270
2015-05-26 07:34:23+01:00,270
2015-05-26 07:33:23+01:00,270
2015-05-26 07:32:23+01:00,270
2015-05-26 07:31:23+01:00,270
2015-05-26 07:30:23+01:00,270
2015-05-26 07:29:23+01:00,270
2015-05-26 07:28:23+01:00,270
2015-05-26 07:27:23+01:00,270
2015-05-26 07:26:23+01:00,270
2015-05-26 07:25:23+01:00,270
2015-05-26 07:24:23+01:00,270
2015-05-26 07:23:23+01:00,270
2015-05-26 07:22:23+01:00,315
2015-05-26 07:21:23+01:00,270
2015-05-26 07:20:23+01:00,270
2015-05-26 07:19:23+01:00,270
2015-05-26 07:18:23+01:00,270
2015-05-26 07:17:23+01:00,315
2015-05-26 07:16:23+01:00,270
2015-05-26 07:15:23+01:00,270
2015-05-26 07:14:23+01:00,270
2015-05-26 07:12:23+01:00,270
2015-05-26 07:11:23+01:00,270
2015-05-26 07:10:23+01:00,270
2015-05-26 07:09:23+01:00,270
2015-05-26 07:08:23+01:00,270
2015-05-26 07:07:23+01:00,270
2015-05-26 07:06:23+01:00,270
2015-05-26 07:05:23+01:00,315
2015-05-26 07:04:23+01:00,315
2015-05-26 07:03:23+01:00,270
2015-05-26 07:02:23+01:00,270
2015-05-26 07:01:23+01:00,270
2015-05-26 07:00:23+01:00,270
2015-05-26 06:59:23+01:00,270
2015-05-26 06:58:23+01:00,270
2015-05-26 06:57:23+01:00,270
2015-05-26 06:56:23+01:00,270
2015-05-26 06:55:23+01:00,270
2015-05-26 06:54:23+01:00,270
2015-05-26 06:53:23+01:00,270
2015-05-26 06:52:23+01:00,270
2015-05-26 06:51:23+01:00,270
2015-05-26 06:50:23+01:00,270
2015-05-26 06:49:23+01:00,270
2015-05-26 06:48:23+01:00,270
2015-05-26 06:47:23+01:00,315
2015-05-26 06:46:23+01:00,315
2015-05-26 06:45:23+01:00,270
2015-05-26 06:44:23+01:00,270
2015-05-26 06:43:23+01:00,270
2015-05-26 06:42:23+01:00,315
2015-05-26 06:41:23+01:00,270
2015-05-26 06:40:23+01:00,270
2015-05-26 06:39:23+01:00,270
2015-05-26 06:38:23+01:00,270
2015-05-26 06:37:23+01:00,270
2015-05-26 06:36:23+01:00,270
2015-05-26 06:35:23+01:00,270
2015-05-26 06:34:23+01:00,270
2015-05-26 06:33:23+01:00,270
2015-05-26 06:32:23+01:00,315
2015-05-26 06:31:23+01:00,270
2015-05-26 06:30:23+01:00,270
2015-05-26 06:29:23+01:00,270
2015-05-26 06:28:23+01:00,270
2015-05-26 06:27:23+01:00,270
2015-05-26 06:26:23+01:00,270
2015-05-26 06:25:23+01:00,270
2015-05-26 06:23:23+01:00,315
2015-05-26 06:21:23+01:00,270
2015-05-26 06:20:23+01:00,270
2015-05-26 06:19:23+01:00,270
2015-05-26 06:18:23+01:00,270
2015-05-26 06:17:23+01:00,315
2015-05-26 06:16:23+01:00,270
2015-05-26 06:14:23+01:00,270
2015-05-26 06:13:23+01:00,270
2015-05-26 06:12:23+01:00,315
2015-05-26 06:11:23+01:00,270
2015-05-26 06:10:23+01:00,270
2015-05-26 06:09:23+01:00,270
2015-05-26 06:08:23+01:00,315
2015-05-26 06:07:23+01:00,270
2015-05-26 06:06:23+01:00,270
2015-05-26 06:05:23+01:00,270
2015-05-26 06:04:23+01:00,270
2015-05-26 06:03:23+01:00,270
2015-05-26 06:02:23+01:00,315
2015-05-26 06:01:23+01:00,270
2015-05-26 06:00:23+01:00,270
2015-05-26 05:59:23+01:00,270
2015-05-26 05:58:23+01:00,315
2015-05-26 05:57:23+01:00,270
2015-05-26 05:56:23+01:00,270
2015-05-26 05:55:23+01:00,270
2015-05-26 05:54:23+01:00,270
2015-05-26 05:53:23+01:00,270
2015-05-26 05:52:23+01:00,270
2015-05-26 05:51:23+01:00,270
2015-05-26 05:50:23+01:00,315
2015-05-26 05:49:23+01:00,270
2015-05-26 05:48:23+01:00,270
2015-05-26 05:47:23+01:00,270
2015-05-26 05:46:23+01:00,270
2015-05-26 05:45:23+01:00,270
2015-05-26 05:44:23+01:00,270
2015-05-26 05:43:23+01:00,270
2015-05-26 05:42:23+01:00,270
2015-05-26 05:41:23+01:00,270
2015-05-26 05:40:23+01:00,270
2015-05-26 05:39:23+01:00,270
2015-05-26 05:38:23+01:00,270
2015-05-26 05:37:23+01:00,270
2015-05-26 05:36:23+01:00,315
2015-05-26 05:35:23+01:00,270
2015-05-26 05:34:23+01:00,270
2015-05-26 05:33:23+01:00,270
2015-05-26 05:32:23+01:00,270
2015-05-26 05:31:23+01:00,270
2015-05-26 05:30:23+01:00,315
2015-05-26 05:29:23+01:00,270
2015-05-26 05:28:23+01:00,270
2015-05-26 05:27:23+01:00,315
2015-05-26 05:26:23+01:00,270
2015-05-26 05:25:23+01:00,270
2015-05-26 05:24:23+01:00,315
2015-05-26 05:23:23+01:00,270
2015-05-26 05:22:23+01:00,270
2015-05-26 05:21:23+01:00,270
2015-05-26 05:20:23+01:00,270
2015-05-26 05:19:23+01:00,270
2015-05-26 05:18:23+01:00,315
2015-05-26 05:17:23+01:00,270
2015-05-26 05:16:23+01:00,270
2015-05-26 05:15:23+01:00,270
2015-05-26 05:14:23+01:00,270
2015-05-26 05:13:23+01:00,270
2015-05-26 05:12:23+01:00,270
2015-05-26 05:11:23+01:00,270
2015-05-26 05:10:23+01:00,270
2015-05-26 05:09:23+01:00,270
2015-05-26 05:08:23+01:00,270
2015-05-26 05:07:23+01:00,315
2015-05-26 05:06:23+01:00,270
2015-05-26 05:05:23+01:00,270
2015-05-26 05:04:23+01:00,270
2015-05-26 05:03:23+01:00,270
2015-05-26 05:02:23+01:00,270
2015-05-26 05:01:23+01:00,270
2015-05-26 05:00:23+01:00,270
2015-05-26 04:58:23+01:00,270
2015-05-26 04:57:23+01:00,270
2015-05-26 04:56:23+01:00,315
2015-05-26 04:55:23+01:00,270
2015-05-26 04:54:23+01:00,315
2015-05-26 04:53:23+01:00,270
2015-05-26 04:52:23+01:00,270
2015-05-26 04:51:23+01:00,270
2015-05-26 04:49:23+01:00,270
2015-05-26 04:48:23+01:00,270
2015-05-26 04:47:23+01:00,270
2015-05-26 04:46:23+01:00,270
2015-05-26 04:45:23+01:00,315
2015-05-26 04:44:23+01:00,270
2015-05-26 04:43:23+01:00,270
2015-05-26 04:42:23+01:00,270
2015-05-26 04:41:23+01:00,270
2015-05-26 04:39:23+01:00,270
2015-05-26 04:38:23+01:00,270
2015-05-26 04:37:23+01:00,270
2015-05-26 04:36:23+01:00,270
2015-05-26 04:35:23+01:00,315
2015-05-26 04:34:23+01:00,270
2015-05-26 04:33:23+01:00,270
2015-05-26 04:32:23+01:00,270
2015-05-26 04:31:23+01:00,270
2015-05-26 04:30:23+01:00,270
2015-05-26 04:29:23+01:00,270
2015-05-26 04:28:23+01:00,270
2015-05-26 04:27:23+01:00,270
2015-05-26 04:26:23+01:00,270
2015-05-26 04:25:23+01:00,270
2015-05-26 04:24:23+01:00,270
2015-05-26 04:23:23+01:00,315
2015-05-26 04:22:23+01:00,270
2015-05-26 04:21:23+01:00,315
2015-05-26 04:20:23+01:00,270
2015-05-26 04:19:23+01:00,315
2015-05-26 04:18:23+01:00,270
2015-05-26 04:17:23+01:00,270
2015-05-26 04:16:23+01:00,315
2015-05-26 04:15:23+01:00,270
2015-05-26 04:14:23+01:00,315
2015-05-26 04:13:23+01:00,270
2015-05-26 04:12:23+01:00,270
2015-05-26 04:11:23+01:00,315
2015-05-26 04:10:23+01:00,270
2015-05-26 04:09:23+01:00,270
2015-05-26 04:08:23+01:00,315
2015-05-26 04:07:23+01:00,270
2015-05-26 04:06:23+01:00,270
2015-05-26 04:05:23+01:00,270
2015-05-26 04:04:23+01:00,315
2015-05-26 04:03:23+01:00,270
2015-05-26 04:02:23+01:00,270
2015-05-26 04:01:23+01:00,270
2015-05-26 04:00:23+01:00,270
2015-05-26 03:59:23+01:00,270
2015-05-26 03:58:23+01:00,270
2015-05-26 03:57:23+01:00,270
2015-05-26 03:56:23+01:00,270
2015-05-26 03:55:23+01:00,270
2015-05-26 03:53:23+01:00,270
2015-05-26 03:52:23+01:00,270
2015-05-26 03:51:23+01:00,270
2015-05-26 03:50:23+01:00,270
2015-05-26 03:49:23+01:00,270
2015-05-26 03:48:23+01:00,270
2015-05-26 03:47:23+01:00,270
2015-05-26 03:46:23+01:00,270
2015-05-26 03:45:23+01:00,270
2015-05-26 03:44:23+01:00,270
2015-05-26 03:43:23+01:00,270
2015-05-26 03:42:23+01:00,270
2015-05-26 03:41:23+01:00,270
2015-05-26 03:40:23+01:00,270
2015-05-26 03:39:23+01:00,270
2015-05-26 03:38:23+01:00,270
2015-05-26 03:37:23+01:00,270
2015-05-26 03:36:23+01:00,270
2015-05-26 03:35:23+01:00,270
2015-05-26 03:34:23+01:00,270
2015-05-26 03:33:23+01:00,270
2015-05-26 03:32:23+01:00,270
2015-05-26 03:31:23+01:00,270
2015-05-26 03:30:23+01:00,270
2015-05-26 03:29:23+01:00,315
2015-05-26 03:28:23+01:00,315
2015-05-26 03:27:23+01:00,270
2015-05-26 03:26:23+01:00,270
2015-05-26 03:25:23+01:00,270
2015-05-26 03:24:23+01:00,270
2015-05-26 03:23:23+01:00,270
2015-05-26 03:22:23+01:00,270
2015-05-26 03:21:23+01:00,270
2015-05-26 03:20:23+01:00,315
2015-05-26 03:19:23+01:00,270
2015-05-26 03:18:23+01:00,270
2015-05-26 03:17:23+01:00,270
2015-05-26 03:16:23+01:00,270
2015-05-26 03:15:23+01:00,270
2015-05-26 03:14:23+01:00,270
2015-05-26 03:13:23+01:00,270
2015-05-26 03:12:23+01:00,270
2015-05-26 03:11:23+01:00,270
2015-05-26 03:10:23+01:00,270
2015-05-26 03:09:23+01:00,270
2015-05-26 03:08:23+01:00,270
2015-05-26 03:06:23+01:00,270
2015-05-26 03:05:23+01:00,270
2015-05-26 03:04:23+01:00,270
2015-05-26 03:03:23+01:00,270
2015-05-26 03:02:23+01:00,270
2015-05-26 03:01:23+01:00,270
2015-05-26 03:00:23+01:00,270
2015-05-26 02:59:23+01:00,270
2015-05-26 02:58:23+01:00,270
2015-05-26 02:57:23+01:00,270
2015-05-26 02:56:23+01:00,270
2015-05-26 02:55:23+01:00,270
2015-05-26 02:54:23+01:00,270
2015-05-26 02:53:23+01:00,270
2015-05-26 02:52:23+01:00,270
2015-05-26 02:51:23+01:00,270
2015-05-26 02:50:23+01:00,315
2015-05-26 02:49:23+01:00,270
2015-05-26 02:48:23+01:00,270
2015-05-26 02:46:23+01:00,270
2015-05-26 02:45:23+01:00,270
2015-05-26 02:44:23+01:00,315
2015-05-26 02:43:23+01:00,270
2015-05-26 02:42:23+01:00,270
2015-05-26 02:41:23+01:00,270
2015-05-26 02:40:23+01:00,315
2015-05-26 02:39:23+01:00,270
2015-05-26 02:38:23+01:00,270
2015-05-26 02:37:23+01:00,270
2015-05-26 02:36:23+01:00,270
2015-05-26 02:35:23+01:00,270
2015-05-26 02:34:23+01:00,270
2015-05-26 02:33:23+01:00,315
2015-05-26 02:32:23+01:00,270
2015-05-26 02:31:23+01:00,270
2015-05-26 02:30:23+01:00,270
2015-05-26 02:29:23+01:00,270
2015-05-26 02:28:23+01:00,315
2015-05-26 02:27:23+01:00,315
2015-05-26 02:26:23+01:00,270
2015-05-26 02:25:23+01:00,270
2015-05-26 02:24:23+01:00,315
2015-05-26 02:22:23+01:00,270
2015-05-26 02:21:23+01:00,270
2015-05-26 02:20:23+01:00,270
2015-05-26 02:19:23+01:00,270
2015-05-26 02:18:23+01:00,270
2015-05-26 02:17:23+01:00,270
2015-05-26 02:16:23+01:00,270
2015-05-26 02:15:23+01:00,315
2015-05-26 02:14:23+01:00,270
2015-05-26 02:13:23+01:00,270
2015-05-26 02:12:23+01:00,270
2015-05-26 02:11:23+01:00,270
2015-05-26 02:10:23+01:00,315
2015-05-26 02:08:23+01:00,270
2015-05-26 02:07:23+01:00,315
2015-05-26 02:06:23+01:00,270
2015-05-26 02:05:23+01:00,270
2015-05-26 02:04:23+01:00,270
2015-05-26 02:03:23+01:00,270
2015-05-26 02:02:23+01:00,270
2015-05-26 02:01:23+01:00,270
2015-05-26 02:00:23+01:00,270
2015-05-26 01:59:23+01:00,270
2015-05-26 01:58:23+01:00,270
2015-05-26 01:57:23+01:00,270
2015-05-26 01:56:23+01:00,270
2015-05-26 01:55:23+01:00,270
2015-05-26 01:54:23+01:00,270
2015-05-26 01:53:23+01:00,270
2015-05-26 01:52:23+01:00,270
2015-05-26 01:51:23+01:00,270
2015-05-26 01:50:23+01:00,315
2015-05-26 01:49:23+01:00,315
2015-05-26 01:48:23+01:00,270
2015-05-26 01:47:23+01:00,270
2015-05-26 01:46:23+01:00,270
2015-05-26 01:45:23+01:00,270
2015-05-26 01:44:23+01:00,270
2015-05-26 01:43:23+01:00,270
2015-05-26 01:42:23+01:00,270
2015-05-26 01:41:23+01:00,270
2015-05-26 01:40:23+01:00,270
2015-05-26 01:39:23+01:00,270
2015-05-26 01:38:23+01:00,270
2015-05-26 01:37:23+01:00,270
2015-05-26 01:36:23+01:00,270
2015-05-26 01:35:23+01:00,270
2015-05-26 01:34:23+01:00,270
2015-05-26 01:33:23+01:00,270
2015-05-26 01:32:23+01:00,270
2015-05-26 01:31:23+01:00,270
2015-05-26 01:30:23+01:00,315
2015-05-26 01:29:23+01:00,270
2015-05-26 01:28:23+01:00,270
2015-05-26 01:27:23+01:00,270
2015-05-26 01:26:23+01:00,270
2015-05-26 01:25:23+01:00,270
2015-05-26 01:24:23+01:00,270
2015-05-26 01:23:23+01:00,270
2015-05-26 01:22:23+01:00,270
2015-05-26 01:21:23+01:00,315
2015-05-26 01:20:23+01:00,270
2015-05-26 01:19:23+01:00,315
2015-05-26 01:17:23+01:00,270
2015-05-26 01:16:23+01:00,270
2015-05-26 01:15:23+01:00,270
2015-05-26 01:14:23+01:00,270
2015-05-26 01:13:23+01:00,270
2015-05-26 01:12:23+01:00,270
2015-05-26 01:11:23+01:00,270
2015-05-26 01:10:23+01:00,270
2015-05-26 01:09:23+01:00,270
2015-05-26 01:08:23+01:00,270
2015-05-26 01:07:23+01:00,315
2015-05-26 01:06:23+01:00,270
2015-05-26 01:05:23+01:00,270
2015-05-26 01:04:23+01:00,270
2015-05-26 01:02:23+01:00,270
2015-05-26 01:01:23+01:00,270
2015-05-26 01:00:23+01:00,270
2015-05-26 00:59:23+01:00,270
2015-05-26 00:58:23+01:00,315
2015-05-26 00:56:23+01:00,270
2015-05-26 00:55:23+01:00,270
2015-05-26 00:54:23+01:00,270
2015-05-26 00:53:23+01:00,270
2015-05-26 00:52:23+01:00,315
2015-05-26 00:51:23+01:00,270
2015-05-26 00:50:23+01:00,270
2015-05-26 00:49:23+01:00,270
2015-05-26 00:48:23+01:00,270
2015-05-26 00:47:23+01:00,270
2015-05-26 00:46:23+01:00,270
2015-05-26 00:45:23+01:00,270
2015-05-26 00:44:23+01:00,270
2015-05-26 00:43:23+01:00,270
2015-05-26 00:42:23+01:00,270
2015-05-26 00:41:23+01:00,315
2015-05-26 00:40:23+01:00,270
2015-05-26 00:39:23+01:00,270
2015-05-26 00:38:23+01:00,270
2015-05-26 00:37:23+01:00,270
2015-05-26 00:36:23+01:00,270
2015-05-26 00:35:23+01:00,270
2015-05-26 00:34:23+01:00,315
2015-05-26 00:33:23+01:00,270
2015-05-26 00:32:23+01:00,270
2015-05-26 00:31:23+01:00,270
2015-05-26 00:30:23+01:00,270
2015-05-26 00:28:23+01:00,270
2015-05-26 00:27:23+01:00,270
2015-05-26 00:26:23+01:00,270
2015-05-26 00:25:23+01:00,270
2015-05-26 00:24:23+01:00,270
2015-05-26 00:23:23+01:00,270
2015-05-26 00:22:23+01:00,270
2015-05-26 00:21:23+01:00,270
2015-05-26 00:20:23+01:00,270
2015-05-26 00:19:23+01:00,270
2015-05-26 00:18:23+01:00,270
2015-05-26 00:17:23+01:00,270
2015-05-26 00:16:23+01:00,315
2015-05-26 00:15:23+01:00,270
2015-05-26 00:14:23+01:00,270
2015-05-26 00:12:23+01:00,270
2015-05-26 00:11:23+01:00,270
2015-05-26 00:10:23+01:00,270
2015-05-26 00:09:23+01:00,270
2015-05-26 00:08:23+01:00,270
2015-05-26 00:07:23+01:00,270
2015-05-26 00:06:23+01:00,270
2015-05-26 00:05:23+01:00,270
2015-05-26 00:04:23+01:00,270
2015-05-26 00:03:23+01:00,270
2015-05-26 00:02:23+01:00,315
2015-05-26 00:01:23+01:00,270
2015-05-26 00:00:23+01:00,270
2015-05-25 23:59:23+01:00,270
2015-05-25 23:58:23+01:00,270
2015-05-25 23:56:23+01:00,270
2015-05-25 23:55:23+01:00,315
2015-05-25 23:54:23+01:00,270
2015-05-25 23:53:23+01:00,270
2015-05-25 23:52:23+01:00,270
2015-05-25 23:51:23+01:00,270
2015-05-25 23:50:23+01:00,270
2015-05-25 23:49:23+01:00,270
2015-05-25 23:48:23+01:00,270
2015-05-25 23:46:23+01:00,270
2015-05-25 23:45:23+01:00,270
2015-05-25 23:44:23+01:00,270
2015-05-25 23:43:23+01:00,270
2015-05-25 23:42:23+01:00,270
2015-05-25 23:41:23+01:00,270
2015-05-25 23:40:23+01:00,270
2015-05-25 23:39:23+01:00,270
2015-05-25 23:38:23+01:00,270
2015-05-25 23:37:23+01:00,315
2015-05-25 23:36:23+01:00,270
2015-05-25 23:35:23+01:00,270
2015-05-25 23:34:23+01:00,315
2015-05-25 23:33:23+01:00,270
2015-05-25 23:32:23+01:00,270
2015-05-25 23:31:23+01:00,270
2015-05-25 23:30:23+01:00,315
2015-05-25 23:29:23+01:00,270
2015-05-25 23:28:23+01:00,270
2015-05-25 23:27:23+01:00,270
2015-05-25 23:26:23+01:00,270
2015-05-25 23:24:23+01:00,270
2015-05-25 23:22:23+01:00,270
2015-05-25 23:21:23+01:00,270
2015-05-25 23:20:23+01:00,270
2015-05-25 23:19:23+01:00,270
2015-05-25 23:18:23+01:00,270
2015-05-25 23:17:23+01:00,315
2015-05-25 23:16:23+01:00,270
2015-05-25 23:15:23+01:00,270
2015-05-25 23:14:23+01:00,270
2015-05-25 23:13:23+01:00,270
2015-05-25 23:12:23+01:00,270
2015-05-25 23:11:23+01:00,270
2015-05-25 23:10:23+01:00,270
2015-05-25 23:09:23+01:00,270
2015-05-25 23:07:23+01:00,270
2015-05-25 23:06:23+01:00,270
2015-05-25 23:05:23+01:00,270
2015-05-25 23:04:23+01:00,270
2015-05-25 23:03:23+01:00,270
2015-05-25 23:02:23+01:00,270
2015-05-25 23:01:23+01:00,270
2015-05-25 23:00:23+01:00,270
2015-05-25 22:59:23+01:00,270
2015-05-25 22:58:23+01:00,270
2015-05-25 22:57:23+01:00,270
2015-05-25 22:56:23+01:00,270
2015-05-25 22:54:23+01:00,270
2015-05-25 22:53:23+01:00,270
2015-05-25 22:52:23+01:00,270
2015-05-25 22:51:23+01:00,270
2015-05-25 22:50:23+01:00,270
2015-05-25 22:49:23+01:00,270
2015-05-25 22:48:23+01:00,270
2015-05-25 22:47:23+01:00,270
2015-05-25 22:46:23+01:00,270
2015-05-25 22:44:23+01:00,270
2015-05-25 22:43:23+01:00,270
2015-05-25 22:41:23+01:00,270
2015-05-25 22:40:23+01:00,270
2015-05-25 22:39:23+01:00,270
2015-05-25 22:38:23+01:00,270
2015-05-25 22:37:23+01:00,270
2015-05-25 22:36:23+01:00,270
2015-05-25 22:34:23+01:00,270
2015-05-25 22:33:23+01:00,270
2015-05-25 22:32:23+01:00,270
2015-05-25 22:31:23+01:00,270
2015-05-25 22:30:23+01:00,270
2015-05-25 22:29:23+01:00,270
2015-05-25 22:28:23+01:00,315
2015-05-25 22:27:23+01:00,315
2015-05-25 22:26:23+01:00,270
2015-05-25 22:25:23+01:00,270
2015-05-25 22:24:23+01:00,270
2015-05-25 22:23:23+01:00,270
2015-05-25 22:22:23+01:00,270
2015-05-25 22:21:23+01:00,270
2015-05-25 22:20:23+01:00,270
2015-05-25 22:19:23+01:00,270
2015-05-25 22:18:23+01:00,270
2015-05-25 22:17:23+01:00,270
2015-05-25 22:16:23+01:00,270
2015-05-25 22:15:23+01:00,270
2015-05-25 22:14:23+01:00,315
2015-05-25 22:13:23+01:00,270
2015-05-25 22:11:23+01:00,270
2015-05-25 22:10:23+01:00,270
2015-05-25 22:09:23+01:00,270
2015-05-25 22:08:23+01:00,270
2015-05-25 22:07:23+01:00,270
2015-05-25 22:06:23+01:00,270
2015-05-25 22:05:23+01:00,270
2015-05-25 22:04:23+01:00,270
2015-05-25 22:03:23+01:00,270
2015-05-25 22:01:23+01:00,270
2015-05-25 22:00:23+01:00,315
2015-05-25 21:59:23+01:00,270
2015-05-25 21:58:23+01:00,270
2015-05-25 21:57:23+01:00,270
2015-05-25 21:56:23+01:00,270
2015-05-25 21:55:23+01:00,270
2015-05-25 21:54:23+01:00,270
2015-05-25 21:53:23+01:00,270
2015-05-25 21:52:23+01:00,270
2015-05-25 21:51:23+01:00,270
2015-05-25 21:50:23+01:00,270
2015-05-25 21:49:23+01:00,270
2015-05-25 21:48:23+01:00,270
2015-05-25 21:47:23+01:00,270
2015-05-25 21:46:23+01:00,270
2015-05-25 21:45:23+01:00,270
2015-05-25 21:44:23+01:00,270
2015-05-25 21:43:23+01:00,270
2015-05-25 21:42:23+01:00,270
2015-05-25 21:41:23+01:00,270
2015-05-25 21:40:23+01:00,270
2015-05-25 21:39:23+01:00,270
2015-05-25 21:38:23+01:00,270
2015-05-25 21:37:23+01:00,270
2015-05-25 21:36:23+01:00,270
2015-05-25 21:35:23+01:00,270
2015-05-25 21:34:23+01:00,315
2015-05-25 21:33:23+01:00,270
2015-05-25 21:32:23+01:00,270
2015-05-25 21:31:23+01:00,270
2015-05-25 21:30:23+01:00,270
2015-05-25 21:29:23+01:00,270
2015-05-25 21:28:23+01:00,270
2015-05-25 21:27:23+01:00,270
2015-05-25 21:26:23+01:00,270
2015-05-25 21:25:23+01:00,270
2015-05-25 21:24:23+01:00,270
2015-05-25 21:23:23+01:00,270
2015-05-25 21:22:23+01:00,315
2015-05-25 21:19:23+01:00,270
2015-05-25 21:18:23+01:00,270
2015-05-25 21:16:23+01:00,270
2015-05-25 21:15:23+01:00,270
2015-05-25 21:14:23+01:00,270
2015-05-25 21:12:23+01:00,270
2015-05-25 21:11:23+01:00,270
2015-05-25 21:10:23+01:00,270
2015-05-25 21:09:23+01:00,270
2015-05-25 21:08:23+01:00,315
2015-05-25 21:07:23+01:00,270
2015-05-25 21:06:23+01:00,270
2015-05-25 21:05:23+01:00,270
2015-05-25 21:04:23+01:00,270
2015-05-25 21:03:23+01:00,270
2015-05-25 21:01:23+01:00,270
2015-05-25 21:00:23+01:00,270
2015-05-25 20:59:23+01:00,270
2015-05-25 20:58:23+01:00,315
2015-05-25 20:57:23+01:00,270
2015-05-25 20:56:23+01:00,270
2015-05-25 20:55:23+01:00,270
2015-05-25 20:54:23+01:00,270
2015-05-25 20:53:23+01:00,270
2015-05-25 20:52:23+01:00,270
2015-05-25 20:51:23+01:00,270
2015-05-25 20:50:23+01:00,270
2015-05-25 20:49:23+01:00,270
2015-05-25 20:48:23+01:00,270
2015-05-25 20:47:23+01:00,270
2015-05-25 20:46:23+01:00,270
2015-05-25 20:45:23+01:00,270
2015-05-25 20:44:23+01:00,270
2015-05-25 20:43:23+01:00,270
2015-05-25 20:42:23+01:00,270
2015-05-25 20:41:23+01:00,270
2015-05-25 20:40:23+01:00,270
2015-05-25 20:39:23+01:00,270
2015-05-25 20:38:23+01:00,315
2015-05-25 20:37:23+01:00,270
2015-05-25 20:36:23+01:00,270
2015-05-25 20:35:23+01:00,270
2015-05-25 20:34:23+01:00,270
2015-05-25 20:33:23+01:00,270
2015-05-25 20:32:23+01:00,315
2015-05-25 20:31:23+01:00,270
2015-05-25 20:30:23+01:00,270
2015-05-25 20:28:23+01:00,270
2015-05-25 20:27:23+01:00,270
2015-05-25 20:26:23+01:00,270
2015-05-25 20:25:23+01:00,315
2015-05-25 20:24:23+01:00,270
2015-05-25 20:23:23+01:00,315
2015-05-25 20:22:23+01:00,270
2015-05-25 20:21:23+01:00,270
2015-05-25 20:20:23+01:00,315
2015-05-25 20:19:23+01:00,270
2015-05-25 20:18:23+01:00,270
2015-05-25 20:17:23+01:00,270
2015-05-25 20:16:23+01:00,270
2015-05-25 20:15:23+01:00,270
2015-05-25 20:14:23+01:00,270
2015-05-25 20:13:23+01:00,270
2015-05-25 20:12:23+01:00,270
2015-05-25 20:11:23+01:00,270
2015-05-25 20:10:23+01:00,315
2015-05-25 20:09:23+01:00,270
2015-05-25 20:08:23+01:00,270
2015-05-25 20:07:23+01:00,270
2015-05-25 20:05:23+01:00,270
2015-05-25 20:04:23+01:00,270
2015-05-25 20:03:23+01:00,270
2015-05-25 20:02:23+01:00,270
2015-05-25 20:01:23+01:00,270
2015-05-25 20:00:23+01:00,135
2015-05-25 19:59:23+01:00,135
2015-05-25 19:58:23+01:00,135
2015-05-25 19:57:23+01:00,135
2015-05-25 19:56:23+01:00,180
2015-05-25 19:55:23+01:00,180
2015-05-25 19:54:23+01:00,180
2015-05-25 19:53:23+01:00,180
2015-05-25 19:52:23+01:00,270
2015-05-25 19:51:23+01:00,270
2015-05-25 19:50:23+01:00,315
2015-05-25 19:49:23+01:00,315
2015-05-25 19:48:23+01:00,270
2015-05-25 19:47:23+01:00,315
2015-05-25 19:46:23+01:00,315
2015-05-25 19:45:23+01:00,315
2015-05-25 19:44:23+01:00,270
2015-05-25 19:43:23+01:00,270
2015-05-25 19:42:23+01:00,315
2015-05-25 19:41:23+01:00,270
2015-05-25 19:40:23+01:00,315
2015-05-25 19:39:23+01:00,270
2015-05-25 19:38:23+01:00,270
2015-05-25 19:37:23+01:00,315
2015-05-25 19:36:23+01:00,270
2015-05-25 19:35:23+01:00,270
2015-05-25 19:34:23+01:00,270
2015-05-25 19:33:23+01:00,270
2015-05-25 19:32:23+01:00,270
2015-05-25 19:31:23+01:00,270
2015-05-25 19:29:23+01:00,270
2015-05-25 19:28:23+01:00,270
2015-05-25 19:27:23+01:00,270
2015-05-25 19:26:23+01:00,315
2015-05-25 19:25:23+01:00,270
2015-05-25 19:24:23+01:00,270
2015-05-25 19:23:23+01:00,270
2015-05-25 19:22:23+01:00,270
2015-05-25 19:21:23+01:00,270
2015-05-25 19:20:23+01:00,270
2015-05-25 19:19:23+01:00,270
2015-05-25 19:18:23+01:00,270
2015-05-25 19:15:23+01:00,270
2015-05-25 19:14:23+01:00,270
2015-05-25 19:13:23+01:00,270
2015-05-25 19:12:23+01:00,270
2015-05-25 19:11:23+01:00,270
2015-05-25 19:10:23+01:00,270
2015-05-25 19:09:23+01:00,270
2015-05-25 19:08:23+01:00,315
2015-05-25 19:07:23+01:00,315
2015-05-25 19:06:23+01:00,270
2015-05-25 19:05:23+01:00,270
2015-05-25 19:04:23+01:00,270
2015-05-25 19:03:23+01:00,270
2015-05-25 19:01:23+01:00,270
2015-05-25 19:00:23+01:00,315
2015-05-25 18:59:23+01:00,270
2015-05-25 18:58:23+01:00,270
2015-05-25 18:57:23+01:00,315
2015-05-25 18:56:23+01:00,270
2015-05-25 18:55:23+01:00,270
2015-05-25 18:54:23+01:00,270
2015-05-25 18:53:23+01:00,180
2015-05-25 18:52:23+01:00,180
2015-05-25 18:51:23+01:00,180
2015-05-25 18:50:23+01:00,180
2015-05-25 18:49:23+01:00,180
2015-05-25 18:48:23+01:00,180
2015-05-25 18:47:23+01:00,180
2015-05-25 18:46:23+01:00,180
2015-05-25 18:45:23+01:00,180
2015-05-25 18:44:23+01:00,180
2015-05-25 18:43:23+01:00,180
2015-05-25 18:42:23+01:00,180
2015-05-25 18:41:23+01:00,270
2015-05-25 18:40:23+01:00,270
2015-05-25 18:39:23+01:00,270
2015-05-25 18:38:23+01:00,315
2015-05-25 18:37:23+01:00,270
2015-05-25 18:36:23+01:00,270
2015-05-25 18:35:23+01:00,270
2015-05-25 18:34:23+01:00,270
2015-05-25 18:33:23+01:00,270
2015-05-25 18:32:23+01:00,270
2015-05-25 18:31:23+01:00,270
2015-05-25 18:30:23+01:00,270
2015-05-25 18:29:23+01:00,270
2015-05-25 18:28:23+01:00,270
2015-05-25 18:27:23+01:00,270
2015-05-25 18:26:23+01:00,270
2015-05-25 18:25:23+01:00,270
2015-05-25 18:24:23+01:00,270
2015-05-25 18:23:23+01:00,270
2015-05-25 18:22:23+01:00,270
2015-05-25 18:21:23+01:00,270
2015-05-25 18:19:23+01:00,135
2015-05-25 18:18:23+01:00,135
2015-05-25 18:17:23+01:00,135
2015-05-25 18:16:23+01:00,135
2015-05-25 18:15:23+01:00,135
2015-05-25 18:14:23+01:00,135
2015-05-25 18:13:23+01:00,135
2015-05-25 18:12:23+01:00,135
2015-05-25 18:11:23+01:00,135
2015-05-25 18:10:23+01:00,135
2015-05-25 18:08:23+01:00,315
2015-05-25 18:07:23+01:00,270
2015-05-25 18:06:23+01:00,315
2015-05-25 18:05:23+01:00,315
2015-05-25 18:04:23+01:00,315
2015-05-25 18:03:23+01:00,315
2015-05-25 18:02:23+01:00,315
2015-05-25 18:01:23+01:00,45
2015-05-25 18:00:23+01:00,45
2015-05-25 17:59:23+01:00,315
2015-05-25 17:58:23+01:00,315
2015-05-25 17:57:23+01:00,270
2015-05-25 17:56:23+01:00,315
2015-05-25 17:55:23+01:00,315
2015-05-25 17:54:23+01:00,315
2015-05-25 17:53:23+01:00,315
2015-05-25 17:52:23+01:00,315
2015-05-25 17:51:23+01:00,315
2015-05-25 17:50:23+01:00,315
2015-05-25 17:49:23+01:00,270
2015-05-25 17:48:23+01:00,270
2015-05-25 17:47:23+01:00,270
2015-05-25 17:46:23+01:00,315
2015-05-25 17:45:23+01:00,315
2015-05-25 17:44:23+01:00,315
2015-05-25 17:42:23+01:00,315
2015-05-25 17:41:23+01:00,315
2015-05-25 17:40:23+01:00,270
2015-05-25 17:39:23+01:00,270
2015-05-25 17:38:23+01:00,315
2015-05-25 17:37:23+01:00,270
2015-05-25 17:36:23+01:00,270
2015-05-25 17:35:23+01:00,315
2015-05-25 17:34:23+01:00,270
2015-05-25 17:33:23+01:00,270
2015-05-25 17:32:23+01:00,270
2015-05-25 17:31:23+01:00,270
2015-05-25 17:29:23+01:00,270
2015-05-25 17:28:23+01:00,270
2015-05-25 17:27:23+01:00,45
2015-05-25 17:26:23+01:00,45
2015-05-25 17:25:23+01:00,45
2015-05-25 17:24:23+01:00,45
2015-05-25 17:23:23+01:00,45
2015-05-25 17:22:23+01:00,45
2015-05-25 17:21:23+01:00,45
2015-05-25 17:20:23+01:00,45
2015-05-25 17:19:23+01:00,45
2015-05-25 17:18:23+01:00,45
2015-05-25 17:17:23+01:00,45
2015-05-25 17:16:23+01:00,45
2015-05-25 17:15:23+01:00,45
2015-05-25 17:14:23+01:00,45
2015-05-25 17:13:23+01:00,45
2015-05-25 17:12:23+01:00,45
2015-05-25 17:11:23+01:00,45
2015-05-25 17:10:23+01:00,45
2015-05-25 17:08:23+01:00,45
2015-05-25 17:07:23+01:00,45
2015-05-25 17:06:23+01:00,45
2015-05-25 17:05:23+01:00,45
2015-05-25 17:04:23+01:00,45
2015-05-25 17:03:23+01:00,45
2015-05-25 17:02:23+01:00,45
2015-05-25 17:01:23+01:00,270
2015-05-25 17:00:23+01:00,270
2015-05-25 16:59:23+01:00,270
2015-05-25 16:58:23+01:00,270
2015-05-25 16:57:23+01:00,270
2015-05-25 16:56:23+01:00,270
2015-05-25 16:55:23+01:00,270
2015-05-25 16:54:23+01:00,270
2015-05-25 16:53:23+01:00,270
2015-05-25 16:52:23+01:00,270
2015-05-25 16:51:23+01:00,270
2015-05-25 16:50:23+01:00,315
2015-05-25 16:49:23+01:00,270
2015-05-25 16:48:23+01:00,270
2015-05-25 16:47:23+01:00,270
2015-05-25 16:46:23+01:00,270
2015-05-25 16:45:23+01:00,270
2015-05-25 16:44:23+01:00,315
2015-05-25 16:43:23+01:00,270
2015-05-25 16:42:23+01:00,270
2015-05-25 16:41:23+01:00,270
2015-05-25 16:40:23+01:00,270
2015-05-25 16:39:23+01:00,270
2015-05-25 16:38:23+01:00,270
2015-05-25 16:37:23+01:00,270
2015-05-25 16:36:23+01:00,270
2015-05-25 16:35:23+01:00,0
2015-05-25 16:34:23+01:00,270
2015-05-25 16:33:23+01:00,270
2015-05-25 16:32:23+01:00,270
2015-05-25 16:31:23+01:00,270
2015-05-25 16:30:23+01:00,315
2015-05-25 16:29:23+01:00,270
2015-05-25 16:28:23+01:00,315
2015-05-25 16:27:23+01:00,180
2015-05-25 16:26:23+01:00,315
2015-05-25 16:25:23+01:00,270
2015-05-25 16:24:23+01:00,315
2015-05-25 16:23:23+01:00,315
2015-05-25 16:22:23+01:00,315
2015-05-25 16:21:23+01:00,315
2015-05-25 16:20:23+01:00,315
2015-05-25 16:19:23+01:00,315
2015-05-25 16:18:23+01:00,315
2015-05-25 16:17:23+01:00,315
2015-05-25 16:16:23+01:00,315
2015-05-25 16:15:23+01:00,315
2015-05-25 16:14:23+01:00,315
2015-05-25 16:13:23+01:00,315
2015-05-25 16:12:23+01:00,315
2015-05-25 16:11:23+01:00,315
2015-05-25 16:10:23+01:00,315
2015-05-25 16:09:23+01:00,315
2015-05-25 16:08:23+01:00,225
2015-05-25 16:07:23+01:00,225
2015-05-25 16:06:23+01:00,225
2015-05-25 16:05:23+01:00,225
2015-05-25 16:04:23+01:00,225
2015-05-25 16:03:23+01:00,225
2015-05-25 16:02:23+01:00,225
2015-05-25 16:01:23+01:00,225
2015-05-25 16:00:23+01:00,225
2015-05-25 15:59:23+01:00,225
2015-05-25 15:58:23+01:00,225
2015-05-25 15:57:23+01:00,270
2015-05-25 15:56:23+01:00,315
2015-05-25 15:55:23+01:00,315
2015-05-25 15:54:23+01:00,225
2015-05-25 15:53:23+01:00,0
2015-05-25 15:52:23+01:00,315
2015-05-25 15:51:23+01:00,0
2015-05-25 15:50:23+01:00,315
2015-05-25 15:49:23+01:00,270
2015-05-25 15:48:23+01:00,270
2015-05-25 15:47:23+01:00,270
2015-05-25 15:46:23+01:00,270
2015-05-25 15:45:23+01:00,270
2015-05-25 15:44:23+01:00,270
2015-05-25 15:43:23+01:00,270
2015-05-25 15:42:23+01:00,270
2015-05-25 15:41:23+01:00,270
2015-05-25 15:40:23+01:00,270
2015-05-25 15:39:23+01:00,270
2015-05-25 15:38:23+01:00,270
2015-05-25 15:37:23+01:00,270
2015-05-25 15:36:23+01:00,315
2015-05-25 15:35:23+01:00,270
2015-05-25 15:34:23+01:00,270
2015-05-25 15:33:23+01:00,315
2015-05-25 15:32:23+01:00,270
2015-05-25 15:31:23+01:00,270
2015-05-25 15:30:23+01:00,270
2015-05-25 15:29:23+01:00,270
2015-05-25 15:28:23+01:00,270
2015-05-25 15:26:23+01:00,270
2015-05-25 15:25:23+01:00,270
2015-05-25 15:24:23+01:00,270
2015-05-25 15:23:23+01:00,315
2015-05-25 15:22:23+01:00,315
2015-05-25 15:21:23+01:00,315
2015-05-25 15:20:23+01:00,315
2015-05-25 15:19:23+01:00,315
2015-05-25 15:18:23+01:00,315
2015-05-25 15:17:23+01:00,315
2015-05-25 15:16:23+01:00,315
2015-05-25 15:15:23+01:00,270
2015-05-25 15:14:23+01:00,315
2015-05-25 15:13:23+01:00,270
2015-05-25 15:12:23+01:00,315
2015-05-25 15:10:23+01:00,270
2015-05-25 15:09:23+01:00,270
2015-05-25 15:08:23+01:00,270
2015-05-25 15:07:23+01:00,270
2015-05-25 15:06:23+01:00,270
2015-05-25 15:05:23+01:00,270
2015-05-25 15:04:23+01:00,315
2015-05-25 15:03:23+01:00,270
2015-05-25 15:02:23+01:00,270
2015-05-25 15:01:23+01:00,270
2015-05-25 15:00:23+01:00,270
2015-05-25 14:59:23+01:00,270
2015-05-25 14:58:23+01:00,270
2015-05-25 14:57:23+01:00,270
2015-05-25 14:56:23+01:00,315
2015-05-25 14:55:23+01:00,315
2015-05-25 14:54:23+01:00,315
2015-05-25 14:53:23+01:00,270
2015-05-25 14:52:23+01:00,270
2015-05-25 14:51:23+01:00,270
2015-05-25 14:50:23+01:00,270
2015-05-25 14:49:23+01:00,315
2015-05-25 14:48:23+01:00,315
2015-05-25 14:47:23+01:00,315
2015-05-25 14:46:23+01:00,315
2015-05-25 14:45:23+01:00,315
2015-05-25 14:44:23+01:00,315
2015-05-25 14:43:23+01:00,315
2015-05-25 14:42:23+01:00,315
2015-05-25 14:41:23+01:00,315
2015-05-25 14:40:23+01:00,315
2015-05-25 14:39:23+01:00,315
2015-05-25 14:37:23+01:00,315
2015-05-25 14:36:23+01:00,315
2015-05-25 14:35:23+01:00,315
2015-05-25 14:34:23+01:00,315
2015-05-25 14:33:23+01:00,315
2015-05-25 14:32:23+01:00,315
2015-05-25 14:31:23+01:00,315
2015-05-25 14:30:23+01:00,315
2015-05-25 14:29:23+01:00,315
2015-05-25 14:28:23+01:00,270
2015-05-25 14:27:23+01:00,270
2015-05-25 14:26:23+01:00,270
2015-05-25 14:25:23+01:00,270
2015-05-25 14:24:23+01:00,270
2015-05-25 14:23:23+01:00,315
2015-05-25 14:22:23+01:00,90
2015-05-25 14:21:23+01:00,90
2015-05-25 14:20:23+01:00,90
2015-05-25 14:19:23+01:00,90
2015-05-25 14:18:23+01:00,90
2015-05-25 14:16:23+01:00,90
2015-05-25 14:15:23+01:00,90
2015-05-25 14:14:23+01:00,90
2015-05-25 14:13:23+01:00,90
2015-05-25 14:12:23+01:00,90
2015-05-25 14:11:23+01:00,90
2015-05-25 14:10:23+01:00,90
2015-05-25 14:09:23+01:00,90
2015-05-25 14:08:23+01:00,90
2015-05-25 14:07:23+01:00,90
2015-05-25 14:06:23+01:00,90
2015-05-25 14:05:23+01:00,90
2015-05-25 14:04:23+01:00,90
2015-05-25 14:02:23+01:00,0
2015-05-25 14:00:23+01:00,270
2015-05-25 13:58:23+01:00,270
2015-05-25 13:57:23+01:00,270
2015-05-25 13:56:23+01:00,270
2015-05-25 13:55:23+01:00,315
2015-05-25 13:54:23+01:00,315
2015-05-25 13:53:23+01:00,315
2015-05-25 13:52:23+01:00,315
2015-05-25 13:51:23+01:00,270
2015-05-25 13:50:23+01:00,270
2015-05-25 13:49:23+01:00,270
2015-05-25 13:48:23+01:00,315
2015-05-25 13:47:23+01:00,270
2015-05-25 13:46:23+01:00,315
2015-05-25 13:45:23+01:00,270
2015-05-25 13:44:23+01:00,270
2015-05-25 13:43:23+01:00,270
2015-05-25 13:42:23+01:00,270
2015-05-25 13:41:23+01:00,270
2015-05-25 13:40:23+01:00,270
2015-05-25 13:39:23+01:00,270
2015-05-25 13:38:23+01:00,270
2015-05-25 13:37:23+01:00,270
2015-05-25 13:36:23+01:00,0
2015-05-25 13:35:23+01:00,315
2015-05-25 13:34:23+01:00,315
2015-05-25 13:33:23+01:00,315
2015-05-25 13:32:23+01:00,315
2015-05-25 13:31:23+01:00,315
2015-05-25 13:30:23+01:00,315
2015-05-25 13:29:23+01:00,315
2015-05-25 13:28:23+01:00,315
2015-05-25 13:27:23+01:00,315
2015-05-25 13:26:23+01:00,315
2015-05-25 13:25:23+01:00,315
2015-05-25 13:24:23+01:00,270
2015-05-25 13:23:23+01:00,315
2015-05-25 13:22:23+01:00,315
2015-05-25 13:21:23+01:00,315
2015-05-25 13:20:23+01:00,315
2015-05-25 13:19:23+01:00,315
2015-05-25 13:18:23+01:00,315
2015-05-25 13:17:23+01:00,315
2015-05-25 13:16:23+01:00,315
2015-05-25 13:15:23+01:00,315
2015-05-25 13:14:23+01:00,315
2015-05-25 13:13:23+01:00,315
2015-05-25 13:12:23+01:00,315
2015-05-25 13:11:23+01:00,315
2015-05-25 13:10:23+01:00,315
2015-05-25 13:09:23+01:00,315
2015-05-25 13:08:23+01:00,315
2015-05-25 13:07:23+01:00,315
2015-05-25 13:06:23+01:00,315
2015-05-25 13:05:23+01:00,315
2015-05-25 13:03:23+01:00,315
2015-05-25 13:02:23+01:00,315
2015-05-25 13:01:23+01:00,315
2015-05-25 12:59:23+01:00,315
2015-05-25 12:58:23+01:00,315
2015-05-25 12:57:23+01:00,0
2015-05-25 12:56:23+01:00,315
2015-05-25 12:55:23+01:00,270
2015-05-25 12:54:23+01:00,45
2015-05-25 12:53:23+01:00,45
2015-05-25 12:52:23+01:00,45
2015-05-25 12:51:23+01:00,45
2015-05-25 12:50:23+01:00,45
2015-05-25 12:49:23+01:00,45
2015-05-25 12:48:23+01:00,45
2015-05-25 12:47:23+01:00,45
2015-05-25 12:46:23+01:00,45
2015-05-25 12:45:23+01:00,315
2015-05-25 12:44:23+01:00,315
2015-05-25 12:43:23+01:00,315
2015-05-25 12:42:23+01:00,315
2015-05-25 12:41:23+01:00,315
2015-05-25 12:40:23+01:00,315
2015-05-25 12:38:23+01:00,315
2015-05-25 12:36:23+01:00,315
2015-05-25 12:35:23+01:00,315
2015-05-25 12:34:23+01:00,315
2015-05-25 12:33:23+01:00,315
2015-05-25 12:32:23+01:00,315
2015-05-25 12:31:23+01:00,315
2015-05-25 12:30:23+01:00,315
2015-05-25 12:29:23+01:00,315
2015-05-25 12:28:23+01:00,315
2015-05-25 12:27:23+01:00,315
2015-05-25 12:26:23+01:00,315
2015-05-25 12:25:23+01:00,315
2015-05-25 12:24:23+01:00,315
2015-05-25 12:23:23+01:00,315
2015-05-25 12:22:23+01:00,270
2015-05-25 12:21:23+01:00,270
2015-05-25 12:20:23+01:00,315
2015-05-25 12:19:23+01:00,270
2015-05-25 12:18:23+01:00,270
2015-05-25 12:17:23+01:00,315
2015-05-25 12:16:23+01:00,270
2015-05-25 12:15:23+01:00,270
2015-05-25 12:14:23+01:00,270
2015-05-25 12:13:23+01:00,270
2015-05-25 12:12:23+01:00,270
2015-05-25 12:11:23+01:00,270
2015-05-25 12:10:23+01:00,270
2015-05-25 12:09:23+01:00,315
2015-05-25 12:08:23+01:00,270
2015-05-25 12:07:23+01:00,270
2015-05-25 12:06:23+01:00,270
2015-05-25 12:05:23+01:00,270
2015-05-25 12:04:23+01:00,270
2015-05-25 12:03:23+01:00,270
2015-05-25 12:02:23+01:00,270
2015-05-25 12:01:23+01:00,270
2015-05-25 11:59:23+01:00,270
2015-05-25 11:58:23+01:00,270
2015-05-25 11:57:23+01:00,315
2015-05-25 11:56:23+01:00,315
2015-05-25 11:55:23+01:00,315
2015-05-25 11:54:23+01:00,315
2015-05-25 11:53:23+01:00,315
2015-05-25 11:52:23+01:00,315
2015-05-25 11:51:23+01:00,315
2015-05-25 11:50:23+01:00,315
2015-05-25 11:49:23+01:00,315
2015-05-25 11:48:23+01:00,315
2015-05-25 11:47:23+01:00,315
2015-05-25 11:46:23+01:00,315
2015-05-25 11:45:23+01:00,315
2015-05-25 11:44:23+01:00,315
2015-05-25 11:43:23+01:00,315
2015-05-25 11:42:23+01:00,315
2015-05-25 11:41:23+01:00,315
2015-05-25 11:40:23+01:00,315
2015-05-25 11:39:23+01:00,270
2015-05-25 11:38:23+01:00,270
2015-05-25 11:37:23+01:00,270
2015-05-25 11:36:23+01:00,315
2015-05-25 11:35:23+01:00,270
2015-05-25 11:34:23+01:00,315
2015-05-25 11:34:15+01:00,315
2015-05-25 11:31:57+01:00,315
2015-05-25 11:30:57+01:00,315
2015-05-25 11:29:57+01:00,315
2015-05-25 11:28:57+01:00,315
2015-05-25 11:26:38+01:00,315
2015-05-25 11:25:38+01:00,315
2015-05-25 11:24:38+01:00,315
2015-05-25 11:23:38+01:00,315
2015-05-25 11:21:38+01:00,315
2015-05-25 11:20:38+01:00,315
2015-05-25 11:19:38+01:00,315
2015-05-25 11:18:24+01:00,315
2015-05-25 11:17:38+01:00,315
2015-05-25 11:17:24+01:00,315
2015-05-25 11:17:23+01:00,315
2015-05-25 11:16:38+01:00,315
2015-05-25 11:15:38+01:00,315
2015-05-25 11:14:38+01:00,315
2015-05-25 11:13:38+01:00,315
2015-05-25 11:12:38+01:00,270
2015-05-25 11:11:38+01:00,270
2015-05-25 11:10:38+01:00,270
2015-05-25 11:09:38+01:00,270
2015-05-25 11:08:38+01:00,270
2015-05-25 11:07:38+01:00,315
2015-05-25 11:05:38+01:00,315
2015-05-25 11:04:38+01:00,315
2015-05-25 11:03:38+01:00,315
2015-05-25 11:02:38+01:00,315
2015-05-25 11:01:38+01:00,315
2015-05-25 11:00:38+01:00,315
2015-05-25 10:59:38+01:00,270
2015-05-25 10:58:38+01:00,315
2015-05-25 10:57:38+01:00,270
2015-05-25 10:56:38+01:00,315
2015-05-25 10:54:38+01:00,315
2015-05-25 10:53:38+01:00,315
2015-05-25 10:52:38+01:00,0
2015-05-25 10:51:38+01:00,0
2015-05-25 10:50:38+01:00,0
2015-05-25 10:49:38+01:00,270
2015-05-25 10:48:38+01:00,315
2015-05-25 10:47:38+01:00,270
2015-05-25 10:45:38+01:00,270
2015-05-25 10:44:38+01:00,270
2015-05-25 10:43:38+01:00,270
2015-05-25 10:42:38+01:00,315
2015-05-25 10:41:38+01:00,315
2015-05-25 10:40:38+01:00,270
2015-05-25 10:38:38+01:00,270
2015-05-25 10:37:38+01:00,270
2015-05-25 10:36:38+01:00,270
2015-05-25 10:34:38+01:00,270
2015-05-25 10:33:38+01:00,270
2015-05-25 10:32:38+01:00,270
2015-05-25 10:31:38+01:00,315
2015-05-25 10:30:38+01:00,315
2015-05-25 10:29:38+01:00,270
2015-05-25 10:28:38+01:00,270
2015-05-25 10:27:38+01:00,270
2015-05-25 10:25:38+01:00,270
2015-05-25 10:24:38+01:00,270
2015-05-25 10:23:38+01:00,270
2015-05-25 10:22:38+01:00,315
2015-05-25 10:21:38+01:00,315
2015-05-25 10:20:38+01:00,270
2015-05-25 10:19:38+01:00,270
2015-05-25 10:18:38+01:00,270
2015-05-25 10:17:38+01:00,270
2015-05-25 10:16:38+01:00,270
2015-05-25 10:14:38+01:00,270
2015-05-25 10:13:38+01:00,90
2015-05-25 10:12:38+01:00,90
2015-05-25 10:11:38+01:00,90
2015-05-25 10:10:38+01:00,90
2015-05-25 10:09:38+01:00,45
2015-05-25 10:08:38+01:00,270
2015-05-25 10:07:38+01:00,90
2015-05-25 10:06:38+01:00,90
2015-05-25 10:05:38+01:00,225
2015-05-25 10:04:38+01:00,315
2015-05-25 10:01:38+01:00,45
2015-05-25 10:00:38+01:00,45
2015-05-25 09:59:38+01:00,45
2015-05-25 09:57:38+01:00,0
2015-05-25 09:56:38+01:00,315
2015-05-25 09:55:38+01:00,315
2015-05-25 09:54:38+01:00,315
2015-05-25 09:53:38+01:00,315
2015-05-25 09:52:38+01:00,315
2015-05-25 09:51:38+01:00,315
2015-05-25 09:50:38+01:00,315
2015-05-25 09:49:38+01:00,315
2015-05-25 09:47:38+01:00,270
2015-05-25 09:46:38+01:00,315
2015-05-25 09:45:38+01:00,315
2015-05-25 09:43:38+01:00,315
2015-05-25 09:42:38+01:00,315
2015-05-25 09:41:38+01:00,270
2015-05-25 09:40:38+01:00,270
2015-05-25 09:39:38+01:00,270
2015-05-25 09:38:38+01:00,270
2015-05-25 09:37:38+01:00,270
2015-05-25 09:36:38+01:00,270
2015-05-25 09:35:38+01:00,270
2015-05-25 09:34:38+01:00,270
2015-05-25 09:33:38+01:00,315
2015-05-25 09:32:38+01:00,270
2015-05-25 09:31:38+01:00,270
2015-05-25 09:30:38+01:00,270
2015-05-25 09:29:38+01:00,270
2015-05-25 09:28:38+01:00,270
2015-05-25 09:27:38+01:00,270
2015-05-25 09:26:38+01:00,315
2015-05-25 09:25:38+01:00,315
2015-05-25 09:24:38+01:00,315
2015-05-25 09:23:38+01:00,315
2015-05-25 09:22:38+01:00,315
2015-05-25 09:21:38+01:00,315
2015-05-25 09:19:38+01:00,315
2015-05-25 09:18:38+01:00,315
2015-05-25 09:17:38+01:00,315
2015-05-25 09:16:38+01:00,315
2015-05-25 09:15:38+01:00,315
2015-05-25 09:14:38+01:00,315
2015-05-25 09:13:38+01:00,315
2015-05-25 09:12:38+01:00,315
2015-05-25 09:11:38+01:00,315
2015-05-25 09:10:38+01:00,315
2015-05-25 09:09:38+01:00,270
2015-05-25 09:08:38+01:00,315
2015-05-25 09:07:38+01:00,315
2015-05-25 09:06:38+01:00,315
2015-05-25 09:05:38+01:00,315
2015-05-25 09:04:38+01:00,315
2015-05-25 09:03:38+01:00,315
2015-05-25 09:02:38+01:00,315
2015-05-25 09:01:38+01:00,315
2015-05-25 09:00:38+01:00,315
2015-05-25 08:59:38+01:00,315
2015-05-25 08:58:38+01:00,315
2015-05-25 08:57:38+01:00,270
2015-05-25 08:56:38+01:00,315
2015-05-25 08:55:38+01:00,315
2015-05-25 08:54:38+01:00,315
2015-05-25 08:53:38+01:00,315
2015-05-25 08:52:38+01:00,315
2015-05-25 08:51:38+01:00,315
2015-05-25 08:50:38+01:00,315
2015-05-25 08:49:38+01:00,315
2015-05-25 08:48:38+01:00,315
2015-05-25 08:47:38+01:00,315
2015-05-25 08:46:38+01:00,315
2015-05-25 08:45:38+01:00,315
2015-05-25 08:44:38+01:00,0
2015-05-25 08:43:38+01:00,0
2015-05-25 08:42:38+01:00,0
2015-05-25 08:41:38+01:00,0
2015-05-25 08:40:38+01:00,0
2015-05-25 08:39:38+01:00,0
2015-05-25 08:38:38+01:00,0
2015-05-25 08:37:38+01:00,0
2015-05-25 08:36:38+01:00,0
2015-05-25 08:35:38+01:00,0
2015-05-25 08:34:38+01:00,0
2015-05-25 08:33:38+01:00,0
2015-05-25 08:32:38+01:00,0
2015-05-25 08:31:38+01:00,0
2015-05-25 08:30:38+01:00,0
2015-05-25 08:29:38+01:00,0
2015-05-25 08:28:38+01:00,0
2015-05-25 08:27:38+01:00,0
2015-05-25 08:26:38+01:00,0
2015-05-25 08:25:38+01:00,0
2015-05-25 08:24:38+01:00,0
2015-05-25 08:23:38+01:00,0
2015-05-25 08:22:38+01:00,0
2015-05-25 08:21:38+01:00,0
2015-05-25 08:20:38+01:00,0
2015-05-25 08:19:38+01:00,0
2015-05-25 08:18:38+01:00,0
2015-05-25 08:17:38+01:00,0
2015-05-25 08:16:38+01:00,0
2015-05-25 08:15:38+01:00,0
2015-05-25 08:14:38+01:00,0
2015-05-25 08:13:38+01:00,0
2015-05-25 08:12:38+01:00,0
2015-05-25 08:11:38+01:00,0
2015-05-25 08:10:38+01:00,0
2015-05-25 08:08:38+01:00,0
2015-05-25 08:06:38+01:00,0
2015-05-25 08:05:38+01:00,0
2015-05-25 08:04:38+01:00,0
2015-05-25 08:03:38+01:00,0
2015-05-25 08:02:38+01:00,0
2015-05-25 08:01:38+01:00,0
2015-05-25 08:00:38+01:00,0
2015-05-25 07:59:38+01:00,0
2015-05-25 07:58:38+01:00,0
2015-05-25 07:57:38+01:00,0
2015-05-25 07:56:38+01:00,0
2015-05-25 07:55:38+01:00,0
2015-05-25 07:54:38+01:00,0
2015-05-25 07:53:38+01:00,0
2015-05-25 07:52:38+01:00,0
2015-05-25 07:51:38+01:00,0
2015-05-25 07:50:38+01:00,0
2015-05-25 07:49:38+01:00,0
2015-05-25 07:48:38+01:00,0
2015-05-25 07:47:38+01:00,0
2015-05-25 07:46:38+01:00,0
2015-05-25 07:45:38+01:00,0
2015-05-25 07:44:38+01:00,0
2015-05-25 07:43:38+01:00,0
2015-05-25 07:42:38+01:00,0
2015-05-25 07:41:38+01:00,0
2015-05-25 07:40:38+01:00,0
2015-05-25 07:39:38+01:00,0
2015-05-25 07:38:38+01:00,0
2015-05-25 07:37:38+01:00,0
2015-05-25 07:36:38+01:00,0
2015-05-25 07:35:38+01:00,0
2015-05-25 07:34:38+01:00,0
2015-05-25 07:33:38+01:00,0
2015-05-25 07:32:38+01:00,0
2015-05-25 07:31:38+01:00,0
2015-05-25 07:30:38+01:00,0
2015-05-25 07:29:38+01:00,0
2015-05-25 07:28:38+01:00,0
2015-05-25 07:27:38+01:00,0
2015-05-25 07:26:38+01:00,0
2015-05-25 07:25:38+01:00,0
2015-05-25 07:24:38+01:00,0
2015-05-25 07:23:38+01:00,0
2015-05-25 07:22:38+01:00,0
2015-05-25 07:21:38+01:00,0
2015-05-25 07:20:38+01:00,0
2015-05-25 07:19:38+01:00,0
2015-05-25 07:18:38+01:00,0
2015-05-25 07:17:38+01:00,0
2015-05-25 07:16:38+01:00,0
2015-05-25 07:15:38+01:00,0
2015-05-25 07:14:38+01:00,0
2015-05-25 07:13:38+01:00,0
2015-05-25 07:12:38+01:00,0
2015-05-25 07:10:38+01:00,0
2015-05-25 07:09:38+01:00,0
2015-05-25 07:08:38+01:00,0
2015-05-25 07:07:38+01:00,0
2015-05-25 07:06:38+01:00,0
2015-05-25 07:05:38+01:00,0
2015-05-25 07:04:38+01:00,0
2015-05-25 07:03:38+01:00,0
2015-05-25 07:02:38+01:00,0
2015-05-25 07:01:38+01:00,0
2015-05-25 07:00:38+01:00,0
2015-05-25 06:59:38+01:00,0
2015-05-25 06:58:38+01:00,0
2015-05-25 06:57:38+01:00,0
2015-05-25 06:56:38+01:00,0
2015-05-25 06:55:38+01:00,0
2015-05-25 06:54:38+01:00,0
2015-05-25 06:53:38+01:00,0
2015-05-25 06:52:38+01:00,0
2015-05-25 06:50:38+01:00,0
2015-05-25 06:49:38+01:00,0
2015-05-25 06:48:38+01:00,0
2015-05-25 06:47:38+01:00,0
2015-05-25 06:46:38+01:00,0
2015-05-25 06:45:38+01:00,0
2015-05-25 06:44:38+01:00,0
2015-05-25 06:43:38+01:00,0
2015-05-25 06:42:38+01:00,0
2015-05-25 06:41:38+01:00,0
2015-05-25 06:40:38+01:00,0
2015-05-25 06:39:38+01:00,0
2015-05-25 06:38:38+01:00,0
2015-05-25 06:37:38+01:00,315
2015-05-25 06:36:38+01:00,0
2015-05-25 06:35:38+01:00,0
2015-05-25 06:34:38+01:00,0
2015-05-25 06:33:38+01:00,0
2015-05-25 06:32:38+01:00,0
2015-05-25 06:31:38+01:00,0
2015-05-25 06:29:38+01:00,0
2015-05-25 06:28:38+01:00,0
2015-05-25 06:27:38+01:00,0
2015-05-25 06:26:38+01:00,0
2015-05-25 06:24:38+01:00,0
2015-05-25 06:22:38+01:00,0
2015-05-25 06:21:38+01:00,0
2015-05-25 06:20:38+01:00,0
2015-05-25 06:19:38+01:00,0
2015-05-25 06:18:38+01:00,0
2015-05-25 06:17:38+01:00,0
2015-05-25 06:16:38+01:00,0
2015-05-25 06:15:38+01:00,0
2015-05-25 06:14:38+01:00,0
2015-05-25 06:13:38+01:00,0
2015-05-25 06:11:38+01:00,0
2015-05-25 06:10:38+01:00,0
2015-05-25 06:09:38+01:00,0
2015-05-25 06:08:38+01:00,0
2015-05-25 06:07:38+01:00,0
2015-05-25 06:06:38+01:00,0
2015-05-25 06:05:38+01:00,0
2015-05-25 06:04:38+01:00,0
2015-05-25 06:03:38+01:00,0
2015-05-25 06:02:38+01:00,0
2015-05-25 06:01:38+01:00,0
2015-05-25 06:00:38+01:00,0
2015-05-25 05:59:38+01:00,0
2015-05-25 05:58:38+01:00,0
2015-05-25 05:57:38+01:00,0
2015-05-25 05:56:38+01:00,0
2015-05-25 05:55:38+01:00,0
2015-05-25 05:54:38+01:00,0
2015-05-25 05:53:38+01:00,0
2015-05-25 05:52:38+01:00,0
2015-05-25 05:51:38+01:00,0
2015-05-25 05:50:38+01:00,0
2015-05-25 05:49:38+01:00,0
2015-05-25 05:48:38+01:00,0
2015-05-25 05:47:38+01:00,0
2015-05-25 05:46:38+01:00,0
2015-05-25 05:45:38+01:00,0
2015-05-25 05:44:38+01:00,0
2015-05-25 05:43:38+01:00,0
2015-05-25 05:40:38+01:00,0
2015-05-25 05:39:38+01:00,0
2015-05-25 05:38:38+01:00,0
2015-05-25 05:37:38+01:00,0
2015-05-25 05:36:38+01:00,0
2015-05-25 05:35:38+01:00,0
2015-05-25 05:34:38+01:00,0
2015-05-25 05:33:38+01:00,0
2015-05-25 05:32:38+01:00,0
2015-05-25 05:31:38+01:00,0
2015-05-25 05:30:38+01:00,0
2015-05-25 05:29:38+01:00,0
2015-05-25 05:28:38+01:00,0
2015-05-25 05:27:38+01:00,0
2015-05-25 05:26:38+01:00,0
2015-05-25 05:25:38+01:00,0
2015-05-25 05:24:38+01:00,0
2015-05-25 05:23:38+01:00,0
2015-05-25 05:22:38+01:00,0
2015-05-25 05:21:38+01:00,0
2015-05-25 05:20:38+01:00,0
2015-05-25 05:19:38+01:00,0
2015-05-25 05:18:38+01:00,0
2015-05-25 05:17:38+01:00,0
2015-05-25 05:16:38+01:00,0
2015-05-25 05:15:38+01:00,0
2015-05-25 05:14:38+01:00,0
2015-05-25 05:13:38+01:00,0
2015-05-25 05:12:38+01:00,0
2015-05-25 05:11:38+01:00,0
2015-05-25 05:10:38+01:00,0
2015-05-25 05:08:38+01:00,0
2015-05-25 05:07:38+01:00,0
2015-05-25 05:06:38+01:00,0
2015-05-25 05:05:38+01:00,0
2015-05-25 05:04:38+01:00,0
2015-05-25 05:03:38+01:00,0
2015-05-25 05:02:38+01:00,0
2015-05-25 05:01:38+01:00,0
2015-05-25 05:00:38+01:00,0
2015-05-25 04:59:38+01:00,0
2015-05-25 04:58:38+01:00,0
2015-05-25 04:57:38+01:00,0
2015-05-25 04:56:38+01:00,0
2015-05-25 04:55:38+01:00,0
2015-05-25 04:54:38+01:00,0
2015-05-25 04:53:38+01:00,0
2015-05-25 04:51:38+01:00,0
2015-05-25 04:50:38+01:00,0
2015-05-25 04:49:38+01:00,0
2015-05-25 04:48:38+01:00,0
2015-05-25 04:47:38+01:00,0
2015-05-25 04:46:38+01:00,0
2015-05-25 04:45:38+01:00,0
2015-05-25 04:44:38+01:00,0
2015-05-25 04:43:38+01:00,0
2015-05-25 04:42:38+01:00,0
2015-05-25 04:41:38+01:00,0
2015-05-25 04:40:38+01:00,0
2015-05-25 04:39:38+01:00,0
2015-05-25 04:38:38+01:00,0
2015-05-25 04:37:38+01:00,0
2015-05-25 04:36:38+01:00,0
2015-05-25 04:35:38+01:00,0
2015-05-25 04:34:38+01:00,0
2015-05-25 04:33:38+01:00,0
2015-05-25 04:32:38+01:00,0
2015-05-25 04:31:38+01:00,0
2015-05-25 04:30:38+01:00,0
2015-05-25 04:29:38+01:00,0
2015-05-25 04:28:38+01:00,0
2015-05-25 04:27:38+01:00,0
2015-05-25 04:26:38+01:00,0
2015-05-25 04:25:38+01:00,0
2015-05-25 04:24:38+01:00,0
2015-05-25 04:23:38+01:00,0
2015-05-25 04:22:38+01:00,0
2015-05-25 04:21:38+01:00,0
2015-05-25 04:20:38+01:00,0
2015-05-25 04:19:38+01:00,0
2015-05-25 04:18:38+01:00,0
2015-05-25 04:17:38+01:00,0
2015-05-25 04:16:38+01:00,0
2015-05-25 04:15:38+01:00,0
2015-05-25 04:14:38+01:00,0
2015-05-25 04:13:38+01:00,0
2015-05-25 04:12:38+01:00,0
2015-05-25 04:11:38+01:00,0
2015-05-25 04:10:38+01:00,0
2015-05-25 04:09:38+01:00,0
2015-05-25 04:08:38+01:00,0
2015-05-25 04:07:38+01:00,0
2015-05-25 04:06:38+01:00,0
2015-05-25 04:05:38+01:00,0
2015-05-25 04:04:38+01:00,0
2015-05-25 04:03:38+01:00,0
2015-05-25 04:02:38+01:00,0
2015-05-25 04:01:38+01:00,0
2015-05-25 04:00:38+01:00,0
2015-05-25 03:59:38+01:00,0
2015-05-25 03:58:38+01:00,0
2015-05-25 03:57:38+01:00,0
2015-05-25 03:56:38+01:00,0
2015-05-25 03:55:38+01:00,0
2015-05-25 03:54:38+01:00,0
2015-05-25 03:53:38+01:00,0
2015-05-25 03:52:38+01:00,0
2015-05-25 03:51:38+01:00,0
2015-05-25 03:50:38+01:00,0
2015-05-25 03:49:38+01:00,0
2015-05-25 03:48:38+01:00,0
2015-05-25 03:47:38+01:00,0
2015-05-25 03:46:38+01:00,0
2015-05-25 03:45:38+01:00,0
2015-05-25 03:44:38+01:00,0
2015-05-25 03:43:38+01:00,0
2015-05-25 03:42:38+01:00,0
2015-05-25 03:41:38+01:00,0
2015-05-25 03:40:38+01:00,0
2015-05-25 03:39:38+01:00,0
2015-05-25 03:38:38+01:00,0
2015-05-25 03:37:38+01:00,0
2015-05-25 03:36:38+01:00,0
2015-05-25 03:35:38+01:00,0
2015-05-25 03:33:38+01:00,0
2015-05-25 03:32:38+01:00,315
2015-05-25 03:31:38+01:00,0
2015-05-25 03:30:38+01:00,0
2015-05-25 03:29:38+01:00,0
2015-05-25 03:28:38+01:00,0
2015-05-25 03:27:38+01:00,0
2015-05-25 03:26:38+01:00,0
2015-05-25 03:25:38+01:00,0
2015-05-25 03:24:38+01:00,0
2015-05-25 03:23:38+01:00,0
2015-05-25 03:21:38+01:00,0
2015-05-25 03:20:38+01:00,0
2015-05-25 03:19:38+01:00,0
2015-05-25 03:17:38+01:00,0
2015-05-25 03:16:38+01:00,0
2015-05-25 03:15:38+01:00,0
2015-05-25 03:14:38+01:00,0
2015-05-25 03:13:38+01:00,0
2015-05-25 03:12:38+01:00,0
2015-05-25 03:11:38+01:00,0
2015-05-25 03:10:38+01:00,0
2015-05-25 03:09:38+01:00,0
2015-05-25 03:08:38+01:00,0
2015-05-25 03:07:38+01:00,0
2015-05-25 03:06:38+01:00,0
2015-05-25 03:05:38+01:00,0
2015-05-25 03:04:38+01:00,0
2015-05-25 03:03:38+01:00,0
2015-05-25 03:02:38+01:00,0
2015-05-25 03:01:38+01:00,0
2015-05-25 03:00:38+01:00,0
2015-05-25 02:59:38+01:00,0
2015-05-25 02:58:38+01:00,0
2015-05-25 02:56:38+01:00,315
2015-05-25 02:55:38+01:00,0
2015-05-25 02:54:38+01:00,0
2015-05-25 02:53:38+01:00,0
2015-05-25 02:52:38+01:00,0
2015-05-25 02:51:38+01:00,0
2015-05-25 02:50:38+01:00,0
2015-05-25 02:49:38+01:00,0
2015-05-25 02:48:38+01:00,0
2015-05-25 02:47:38+01:00,0
2015-05-25 02:46:38+01:00,0
2015-05-25 02:45:38+01:00,0
2015-05-25 02:44:38+01:00,0
2015-05-25 02:43:38+01:00,0
2015-05-25 02:42:38+01:00,0
2015-05-25 02:41:38+01:00,0
2015-05-25 02:40:38+01:00,0
2015-05-25 02:39:38+01:00,0
2015-05-25 02:38:38+01:00,0
2015-05-25 02:37:38+01:00,0
2015-05-25 02:36:38+01:00,0
2015-05-25 02:35:38+01:00,0
2015-05-25 02:34:38+01:00,0
2015-05-25 02:33:38+01:00,0
2015-05-25 02:32:38+01:00,0
2015-05-25 02:31:38+01:00,0
2015-05-25 02:30:38+01:00,0
2015-05-25 02:29:38+01:00,0
2015-05-25 02:28:38+01:00,0
2015-05-25 02:27:38+01:00,0
2015-05-25 02:26:38+01:00,0
2015-05-25 02:25:38+01:00,0
2015-05-25 02:24:38+01:00,0
2015-05-25 02:23:38+01:00,0
2015-05-25 02:22:38+01:00,0
2015-05-25 02:21:38+01:00,0
2015-05-25 02:20:38+01:00,0
2015-05-25 02:19:38+01:00,0
2015-05-25 02:18:38+01:00,0
2015-05-25 02:17:38+01:00,0
2015-05-25 02:16:38+01:00,0
2015-05-25 02:15:38+01:00,0
2015-05-25 02:14:38+01:00,0
2015-05-25 02:13:38+01:00,0
2015-05-25 02:11:38+01:00,0
2015-05-25 02:10:38+01:00,0
2015-05-25 02:09:38+01:00,0
2015-05-25 02:08:38+01:00,0
2015-05-25 02:07:38+01:00,0
2015-05-25 02:06:38+01:00,0
2015-05-25 02:05:38+01:00,0
2015-05-25 02:04:38+01:00,0
2015-05-25 02:03:38+01:00,0
2015-05-25 02:02:38+01:00,0
2015-05-25 02:01:38+01:00,0
2015-05-25 02:00:38+01:00,0
2015-05-25 01:59:38+01:00,0
2015-05-25 01:58:38+01:00,0
2015-05-25 01:57:38+01:00,0
2015-05-25 01:56:38+01:00,0
2015-05-25 01:55:38+01:00,0
2015-05-25 01:54:38+01:00,0
2015-05-25 01:53:38+01:00,0
2015-05-25 01:52:38+01:00,0
2015-05-25 01:51:38+01:00,0
2015-05-25 01:50:38+01:00,0
2015-05-25 01:49:38+01:00,0
2015-05-25 01:48:38+01:00,0
2015-05-25 01:47:38+01:00,0
2015-05-25 01:46:38+01:00,0
2015-05-25 01:45:38+01:00,0
2015-05-25 01:44:38+01:00,0
2015-05-25 01:43:38+01:00,0
2015-05-25 01:42:38+01:00,0
2015-05-25 01:41:38+01:00,0
2015-05-25 01:40:38+01:00,0
2015-05-25 01:39:38+01:00,0
2015-05-25 01:38:38+01:00,0
2015-05-25 01:37:38+01:00,0
2015-05-25 01:36:38+01:00,0
2015-05-25 01:35:38+01:00,0
2015-05-25 01:34:38+01:00,0
2015-05-25 01:33:38+01:00,0
2015-05-25 01:32:38+01:00,0
2015-05-25 01:31:38+01:00,0
2015-05-25 01:30:38+01:00,0
2015-05-25 01:27:38+01:00,0
2015-05-25 01:26:38+01:00,0
2015-05-25 01:25:38+01:00,0
2015-05-25 01:24:38+01:00,270
2015-05-25 01:23:38+01:00,0
2015-05-25 01:21:38+01:00,0
2015-05-25 01:20:38+01:00,0
2015-05-25 01:19:38+01:00,0
2015-05-25 01:18:38+01:00,0
2015-05-25 01:17:38+01:00,0
2015-05-25 01:16:38+01:00,0
2015-05-25 01:15:38+01:00,0
2015-05-25 01:14:38+01:00,0
2015-05-25 01:13:38+01:00,0
2015-05-25 01:12:38+01:00,0
2015-05-25 01:11:38+01:00,0
2015-05-25 01:10:38+01:00,0
2015-05-25 01:09:38+01:00,0
2015-05-25 01:08:38+01:00,0
2015-05-25 01:07:38+01:00,0
2015-05-25 01:06:38+01:00,0
2015-05-25 01:05:38+01:00,0
2015-05-25 01:04:38+01:00,0
2015-05-25 01:03:38+01:00,0
2015-05-25 01:02:38+01:00,0
2015-05-25 01:01:38+01:00,0
2015-05-25 01:00:38+01:00,0
2015-05-25 00:59:38+01:00,0
2015-05-25 00:58:38+01:00,0
2015-05-25 00:57:38+01:00,0
2015-05-25 00:56:38+01:00,0
2015-05-25 00:55:38+01:00,0
2015-05-25 00:54:38+01:00,0
2015-05-25 00:53:38+01:00,0
2015-05-25 00:52:38+01:00,0
2015-05-25 00:51:38+01:00,0
2015-05-25 00:50:38+01:00,0
2015-05-25 00:49:38+01:00,0
2015-05-25 00:48:38+01:00,0
2015-05-25 00:47:38+01:00,0
2015-05-25 00:46:38+01:00,0
2015-05-25 00:45:38+01:00,0
2015-05-25 00:44:38+01:00,0
2015-05-25 00:43:38+01:00,0
2015-05-25 00:42:38+01:00,0
2015-05-25 00:41:38+01:00,0
2015-05-25 00:40:38+01:00,0
2015-05-25 00:39:38+01:00,0
2015-05-25 00:38:38+01:00,0
2015-05-25 00:37:38+01:00,0
2015-05-25 00:36:38+01:00,0
2015-05-25 00:35:38+01:00,0
2015-05-25 00:34:38+01:00,0
2015-05-25 00:33:38+01:00,0
2015-05-25 00:32:38+01:00,0
2015-05-25 00:31:38+01:00,0
2015-05-25 00:30:38+01:00,0
2015-05-25 00:29:38+01:00,0
2015-05-25 00:28:38+01:00,0
2015-05-25 00:27:38+01:00,0
2015-05-25 00:26:38+01:00,0
2015-05-25 00:25:38+01:00,0
2015-05-25 00:24:38+01:00,0
2015-05-25 00:23:38+01:00,0
2015-05-25 00:22:38+01:00,0
2015-05-25 00:21:38+01:00,0
2015-05-25 00:20:38+01:00,0
2015-05-25 00:19:38+01:00,0
2015-05-25 00:18:38+01:00,0
2015-05-25 00:17:38+01:00,0
2015-05-25 00:16:38+01:00,0
2015-05-25 00:15:38+01:00,0
2015-05-25 00:14:38+01:00,0
2015-05-25 00:13:38+01:00,315
2015-05-25 00:12:38+01:00,0
2015-05-25 00:11:38+01:00,0
2015-05-25 00:10:38+01:00,0
2015-05-25 00:09:38+01:00,0
2015-05-25 00:08:38+01:00,0
2015-05-25 00:07:38+01:00,0
2015-05-25 00:06:38+01:00,0
2015-05-25 00:05:38+01:00,0
2015-05-25 00:04:38+01:00,0
2015-05-25 00:03:38+01:00,0
2015-05-25 00:01:38+01:00,0
2015-05-25 00:00:38+01:00,0
2015-05-24 23:59:38+01:00,0
2015-05-24 23:58:38+01:00,0
2015-05-24 23:57:38+01:00,0
2015-05-24 23:56:38+01:00,0
2015-05-24 23:55:38+01:00,0
2015-05-24 23:54:38+01:00,0
2015-05-24 23:53:38+01:00,0
2015-05-24 23:52:38+01:00,0
2015-05-24 23:50:38+01:00,0
2015-05-24 23:49:38+01:00,0
2015-05-24 23:48:38+01:00,0
2015-05-24 23:47:38+01:00,0
2015-05-24 23:46:38+01:00,0
2015-05-24 23:45:38+01:00,0
2015-05-24 23:44:38+01:00,0
2015-05-24 23:43:38+01:00,0
2015-05-24 23:41:38+01:00,0
2015-05-24 23:40:38+01:00,0
2015-05-24 23:39:38+01:00,0
2015-05-24 23:38:38+01:00,0
2015-05-24 23:37:38+01:00,0
2015-05-24 23:36:38+01:00,0
2015-05-24 23:35:38+01:00,0
2015-05-24 23:34:38+01:00,0
2015-05-24 23:33:38+01:00,0
2015-05-24 23:32:38+01:00,0
2015-05-24 23:31:38+01:00,0
2015-05-24 23:30:38+01:00,0
2015-05-24 23:29:38+01:00,0
2015-05-24 23:28:38+01:00,0
2015-05-24 23:27:38+01:00,0
2015-05-24 23:26:38+01:00,0
2015-05-24 23:25:38+01:00,0
2015-05-24 23:24:38+01:00,0
2015-05-24 23:23:38+01:00,0
2015-05-24 23:22:38+01:00,0
2015-05-24 23:21:38+01:00,0
2015-05-24 23:20:38+01:00,0
2015-05-24 23:19:38+01:00,0
2015-05-24 23:18:38+01:00,0
2015-05-24 23:17:38+01:00,0
2015-05-24 23:16:38+01:00,0
2015-05-24 23:15:38+01:00,0
2015-05-24 23:14:38+01:00,0
2015-05-24 23:13:38+01:00,0
2015-05-24 23:12:38+01:00,0
2015-05-24 23:11:38+01:00,0
2015-05-24 23:10:38+01:00,0
2015-05-24 23:09:38+01:00,0
2015-05-24 23:08:38+01:00,0
2015-05-24 23:07:38+01:00,0
2015-05-24 23:06:38+01:00,0
2015-05-24 23:05:38+01:00,0
2015-05-24 23:04:38+01:00,0
2015-05-24 23:03:38+01:00,0
2015-05-24 23:02:38+01:00,0
2015-05-24 23:01:38+01:00,0
2015-05-24 23:00:38+01:00,0
2015-05-24 22:59:38+01:00,0
2015-05-24 22:58:38+01:00,0
2015-05-24 22:57:38+01:00,0
2015-05-24 22:55:38+01:00,0
2015-05-24 22:54:38+01:00,0
2015-05-24 22:53:38+01:00,0
2015-05-24 22:52:38+01:00,0
2015-05-24 22:51:38+01:00,0
2015-05-24 22:50:38+01:00,0
2015-05-24 22:49:38+01:00,0
2015-05-24 22:48:38+01:00,0
2015-05-24 22:47:38+01:00,0
2015-05-24 22:46:38+01:00,0
2015-05-24 22:45:38+01:00,0
2015-05-24 22:44:38+01:00,0
2015-05-24 22:43:38+01:00,0
2015-05-24 22:42:38+01:00,0
2015-05-24 22:41:38+01:00,0
2015-05-24 22:40:38+01:00,0
2015-05-24 22:39:38+01:00,0
2015-05-24 22:38:38+01:00,0
2015-05-24 22:37:38+01:00,0
2015-05-24 22:36:38+01:00,0
2015-05-24 22:35:38+01:00,0
2015-05-24 22:34:38+01:00,0
2015-05-24 22:33:38+01:00,0
2015-05-24 22:32:38+01:00,0
2015-05-24 22:31:38+01:00,0
2015-05-24 22:30:38+01:00,0
2015-05-24 22:29:38+01:00,0
2015-05-24 22:28:38+01:00,0
2015-05-24 22:27:38+01:00,0
2015-05-24 22:26:38+01:00,0
2015-05-24 22:25:38+01:00,0
2015-05-24 22:24:38+01:00,0
2015-05-24 22:23:38+01:00,0
2015-05-24 22:22:38+01:00,0
2015-05-24 22:21:38+01:00,0
2015-05-24 22:20:38+01:00,0
2015-05-24 22:19:38+01:00,0
2015-05-24 22:18:38+01:00,0
2015-05-24 22:17:38+01:00,0
2015-05-24 22:15:38+01:00,0
2015-05-24 22:14:38+01:00,0
2015-05-24 22:13:38+01:00,0
2015-05-24 22:12:38+01:00,0
2015-05-24 22:11:38+01:00,0
2015-05-24 22:10:38+01:00,0
2015-05-24 22:09:38+01:00,0
2015-05-24 22:08:38+01:00,0
2015-05-24 22:07:38+01:00,0
2015-05-24 22:06:38+01:00,0
2015-05-24 22:05:38+01:00,0
2015-05-24 22:04:38+01:00,0
2015-05-24 22:03:38+01:00,0
2015-05-24 22:02:38+01:00,0
2015-05-24 22:01:38+01:00,0
2015-05-24 22:00:38+01:00,0
2015-05-24 21:59:38+01:00,0
2015-05-24 21:57:38+01:00,0
2015-05-24 21:55:38+01:00,0
2015-05-24 21:54:38+01:00,0
2015-05-24 21:53:38+01:00,0
2015-05-24 21:52:38+01:00,0
2015-05-24 21:51:38+01:00,0
2015-05-24 21:50:38+01:00,0
2015-05-24 21:49:38+01:00,0
2015-05-24 21:48:38+01:00,0
2015-05-24 21:47:38+01:00,0
2015-05-24 21:46:38+01:00,0
2015-05-24 21:45:38+01:00,0
2015-05-24 21:43:38+01:00,0
2015-05-24 21:42:38+01:00,0
2015-05-24 21:41:38+01:00,0
2015-05-24 21:40:38+01:00,0
2015-05-24 21:39:38+01:00,0
2015-05-24 21:38:38+01:00,225
2015-05-24 21:37:38+01:00,0
2015-05-24 21:36:38+01:00,0
2015-05-24 21:35:38+01:00,0
2015-05-24 21:34:38+01:00,0
2015-05-24 21:33:38+01:00,0
2015-05-24 21:32:38+01:00,0
2015-05-24 21:31:38+01:00,0
2015-05-24 21:30:38+01:00,0
2015-05-24 21:29:38+01:00,315
2015-05-24 21:28:38+01:00,0
2015-05-24 21:27:38+01:00,0
2015-05-24 21:25:38+01:00,0
2015-05-24 21:24:38+01:00,0
2015-05-24 21:23:38+01:00,0
2015-05-24 21:22:38+01:00,0
2015-05-24 21:21:38+01:00,0
2015-05-24 21:20:38+01:00,0
2015-05-24 21:19:38+01:00,0
2015-05-24 21:18:38+01:00,0
2015-05-24 21:17:38+01:00,0
2015-05-24 21:16:38+01:00,0
2015-05-24 21:15:38+01:00,0
2015-05-24 21:14:38+01:00,315
2015-05-24 21:13:38+01:00,0
2015-05-24 21:12:38+01:00,0
2015-05-24 21:11:38+01:00,0
2015-05-24 21:10:38+01:00,0
2015-05-24 21:09:38+01:00,0
2015-05-24 21:08:38+01:00,0
2015-05-24 21:07:38+01:00,0
2015-05-24 21:06:38+01:00,0
2015-05-24 21:05:38+01:00,0
2015-05-24 21:04:38+01:00,0
2015-05-24 21:03:38+01:00,0
2015-05-24 21:02:38+01:00,0
2015-05-24 21:01:38+01:00,0
2015-05-24 21:00:38+01:00,0
2015-05-24 20:58:38+01:00,0
2015-05-24 20:57:38+01:00,0
2015-05-24 20:56:38+01:00,0
2015-05-24 20:55:38+01:00,0
2015-05-24 20:54:38+01:00,0
2015-05-24 20:53:38+01:00,0
2015-05-24 20:52:38+01:00,0
2015-05-24 20:51:38+01:00,0
2015-05-24 20:49:38+01:00,0
2015-05-24 20:48:38+01:00,0
2015-05-24 20:46:38+01:00,0
2015-05-24 20:45:38+01:00,0
2015-05-24 20:44:38+01:00,0
2015-05-24 20:43:38+01:00,0
2015-05-24 20:42:38+01:00,0
2015-05-24 20:41:38+01:00,0
2015-05-24 20:40:38+01:00,0
2015-05-24 20:39:38+01:00,0
2015-05-24 20:38:38+01:00,0
2015-05-24 20:37:38+01:00,0
2015-05-24 20:36:38+01:00,0
2015-05-24 20:35:38+01:00,0
2015-05-24 20:34:38+01:00,0
2015-05-24 20:33:38+01:00,0
2015-05-24 20:32:38+01:00,0
2015-05-24 20:31:38+01:00,0
2015-05-24 20:30:38+01:00,0
2015-05-24 20:29:38+01:00,270
2015-05-24 20:28:38+01:00,0
2015-05-24 20:27:38+01:00,0
2015-05-24 20:26:38+01:00,0
2015-05-24 20:25:38+01:00,0
2015-05-24 20:23:38+01:00,0
2015-05-24 20:22:38+01:00,0
2015-05-24 20:21:38+01:00,0
2015-05-24 20:20:38+01:00,0
2015-05-24 20:19:38+01:00,0
2015-05-24 20:18:38+01:00,0
2015-05-24 20:17:38+01:00,0
2015-05-24 20:16:38+01:00,0
2015-05-24 20:15:38+01:00,0
2015-05-24 20:14:38+01:00,0
2015-05-24 20:13:38+01:00,0
2015-05-24 20:12:38+01:00,0
2015-05-24 20:11:38+01:00,0
2015-05-24 20:10:38+01:00,0
2015-05-24 20:09:38+01:00,0
2015-05-24 20:08:38+01:00,0
2015-05-24 20:07:38+01:00,0
2015-05-24 20:06:38+01:00,0
2015-05-24 20:05:38+01:00,0
2015-05-24 20:04:38+01:00,0
2015-05-24 20:03:38+01:00,0
2015-05-24 20:02:38+01:00,0
2015-05-24 20:01:38+01:00,0
2015-05-24 20:00:38+01:00,0
2015-05-24 19:59:38+01:00,0
2015-05-24 19:58:38+01:00,315
2015-05-24 19:57:38+01:00,0
2015-05-24 19:56:38+01:00,0
2015-05-24 19:55:38+01:00,0
2015-05-24 19:54:38+01:00,0
2015-05-24 19:52:38+01:00,0
2015-05-24 19:51:38+01:00,0
2015-05-24 19:50:38+01:00,0
2015-05-24 19:49:38+01:00,0
2015-05-24 19:48:38+01:00,0
2015-05-24 19:47:38+01:00,0
2015-05-24 19:46:38+01:00,0
2015-05-24 19:45:38+01:00,0
2015-05-24 19:44:38+01:00,0
2015-05-24 19:43:38+01:00,0
2015-05-24 19:42:38+01:00,0
2015-05-24 19:41:38+01:00,0
2015-05-24 19:40:38+01:00,0
2015-05-24 19:39:38+01:00,0
2015-05-24 19:38:38+01:00,0
2015-05-24 19:37:38+01:00,0
2015-05-24 19:36:38+01:00,0
2015-05-24 19:35:38+01:00,0
2015-05-24 19:34:38+01:00,0
2015-05-24 19:33:38+01:00,0
2015-05-24 19:32:38+01:00,0
2015-05-24 19:31:38+01:00,0
2015-05-24 19:30:38+01:00,0
2015-05-24 19:29:38+01:00,0
2015-05-24 19:27:38+01:00,0
2015-05-24 19:26:38+01:00,0
2015-05-24 19:25:38+01:00,0
2015-05-24 19:24:38+01:00,0
2015-05-24 19:23:38+01:00,0
2015-05-24 19:22:38+01:00,0
2015-05-24 19:21:38+01:00,0
2015-05-24 19:20:38+01:00,0
2015-05-24 19:19:38+01:00,0
2015-05-24 19:18:38+01:00,0
2015-05-24 19:17:38+01:00,0
2015-05-24 19:16:38+01:00,0
2015-05-24 19:15:38+01:00,0
2015-05-24 19:14:38+01:00,0
2015-05-24 19:13:38+01:00,0
2015-05-24 19:12:38+01:00,0
2015-05-24 19:11:38+01:00,315
2015-05-24 19:10:38+01:00,0
2015-05-24 19:09:38+01:00,0
2015-05-24 19:08:38+01:00,0
2015-05-24 19:07:38+01:00,0
2015-05-24 19:06:38+01:00,0
2015-05-24 19:05:38+01:00,0
2015-05-24 19:04:38+01:00,0
2015-05-24 19:03:38+01:00,0
2015-05-24 19:01:38+01:00,0
2015-05-24 19:00:38+01:00,0
2015-05-24 18:59:38+01:00,0
2015-05-24 18:57:38+01:00,0
2015-05-24 18:55:38+01:00,0
2015-05-24 18:54:38+01:00,0
2015-05-24 18:53:38+01:00,0
2015-05-24 18:52:38+01:00,0
2015-05-24 18:51:38+01:00,0
2015-05-24 18:50:38+01:00,0
2015-05-24 18:49:38+01:00,0
2015-05-24 18:48:38+01:00,0
2015-05-24 18:47:38+01:00,0
2015-05-24 18:46:38+01:00,0
2015-05-24 18:45:38+01:00,0
2015-05-24 18:44:38+01:00,0
2015-05-24 18:43:38+01:00,0
2015-05-24 18:42:38+01:00,0
2015-05-24 18:41:38+01:00,0
2015-05-24 18:40:38+01:00,0
2015-05-24 18:39:38+01:00,0
2015-05-24 18:38:38+01:00,0
2015-05-24 18:37:38+01:00,0
2015-05-24 18:36:38+01:00,0
2015-05-24 18:35:38+01:00,0
2015-05-24 18:34:38+01:00,0
2015-05-24 18:33:38+01:00,0
2015-05-24 18:32:38+01:00,270
2015-05-24 18:31:38+01:00,135
2015-05-24 18:29:38+01:00,135
2015-05-24 18:28:38+01:00,135
2015-05-24 18:27:38+01:00,135
2015-05-24 18:26:38+01:00,135
2015-05-24 18:25:38+01:00,135
2015-05-24 18:24:38+01:00,135
2015-05-24 18:23:38+01:00,135
2015-05-24 18:22:38+01:00,135
2015-05-24 18:20:38+01:00,135
2015-05-24 18:19:38+01:00,135
2015-05-24 18:18:38+01:00,135
2015-05-24 18:17:38+01:00,135
2015-05-24 18:16:38+01:00,135
2015-05-24 18:14:38+01:00,135
2015-05-24 18:13:38+01:00,135
2015-05-24 18:12:38+01:00,135
2015-05-24 18:11:38+01:00,135
2015-05-24 18:10:38+01:00,135
2015-05-24 18:09:38+01:00,135
2015-05-24 18:08:38+01:00,135
2015-05-24 18:07:38+01:00,135
2015-05-24 18:06:38+01:00,135
2015-05-24 18:05:38+01:00,135
2015-05-24 18:04:38+01:00,135
2015-05-24 18:03:38+01:00,135
2015-05-24 18:02:38+01:00,135
2015-05-24 18:01:38+01:00,135
2015-05-24 18:00:38+01:00,135
2015-05-24 17:59:38+01:00,135
2015-05-24 17:58:38+01:00,135
2015-05-24 17:57:38+01:00,135
2015-05-24 17:56:38+01:00,135
2015-05-24 17:55:38+01:00,135
2015-05-24 17:54:38+01:00,135
2015-05-24 17:53:38+01:00,135
2015-05-24 17:52:38+01:00,135
2015-05-24 17:51:38+01:00,135
2015-05-24 17:50:38+01:00,135
2015-05-24 17:49:38+01:00,135
2015-05-24 17:48:38+01:00,135
2015-05-24 17:47:38+01:00,135
2015-05-24 17:46:38+01:00,135
2015-05-24 17:45:38+01:00,135
2015-05-24 17:43:38+01:00,135
2015-05-24 17:42:38+01:00,135
2015-05-24 17:41:38+01:00,135
2015-05-24 17:40:38+01:00,135
2015-05-24 17:39:38+01:00,135
2015-05-24 17:38:38+01:00,135
2015-05-24 17:37:38+01:00,135
2015-05-24 17:36:38+01:00,135
2015-05-24 17:35:38+01:00,135
2015-05-24 17:34:38+01:00,135
2015-05-24 17:33:38+01:00,135
2015-05-24 17:32:38+01:00,135
2015-05-24 17:31:38+01:00,135
2015-05-24 17:30:38+01:00,135
2015-05-24 17:29:38+01:00,135
2015-05-24 17:28:38+01:00,135
2015-05-24 17:27:38+01:00,135
2015-05-24 17:26:38+01:00,135
2015-05-24 17:25:38+01:00,135
2015-05-24 17:24:38+01:00,135
2015-05-24 17:23:38+01:00,135
2015-05-24 17:22:38+01:00,135
2015-05-24 17:21:38+01:00,135
2015-05-24 17:20:38+01:00,135
2015-05-24 17:19:38+01:00,135
2015-05-24 17:18:38+01:00,135
2015-05-24 17:16:38+01:00,135
2015-05-24 17:15:38+01:00,135
2015-05-24 17:14:38+01:00,135
2015-05-24 17:13:38+01:00,135
2015-05-24 17:12:38+01:00,135
2015-05-24 17:11:38+01:00,135
2015-05-24 17:10:38+01:00,135
2015-05-24 17:09:38+01:00,135
2015-05-24 17:08:38+01:00,135
2015-05-24 17:07:38+01:00,135
2015-05-24 17:06:38+01:00,135
2015-05-24 17:05:38+01:00,135
2015-05-24 17:04:38+01:00,135
2015-05-24 17:03:38+01:00,135
2015-05-24 17:02:38+01:00,135
2015-05-24 17:01:38+01:00,135
2015-05-24 17:00:38+01:00,135
2015-05-24 16:59:38+01:00,135
2015-05-24 16:58:38+01:00,135
2015-05-24 16:57:38+01:00,135
2015-05-24 16:55:38+01:00,135
2015-05-24 16:54:38+01:00,135
2015-05-24 16:53:38+01:00,135
2015-05-24 16:52:38+01:00,135
2015-05-24 16:51:38+01:00,135
2015-05-24 16:50:38+01:00,135
2015-05-24 16:49:38+01:00,135
2015-05-24 16:48:38+01:00,135
2015-05-24 16:47:38+01:00,135
2015-05-24 16:46:38+01:00,135
2015-05-24 16:45:38+01:00,135
2015-05-24 16:44:38+01:00,135
2015-05-24 16:43:38+01:00,135
2015-05-24 16:42:38+01:00,135
2015-05-24 16:41:38+01:00,135
2015-05-24 16:40:38+01:00,135
2015-05-24 16:39:38+01:00,135
2015-05-24 16:38:38+01:00,135
2015-05-24 16:36:38+01:00,135
2015-05-24 16:35:38+01:00,135
2015-05-24 16:34:38+01:00,135
2015-05-24 16:33:38+01:00,135
2015-05-24 16:32:38+01:00,135
2015-05-24 16:31:38+01:00,135
2015-05-24 16:30:38+01:00,135
2015-05-24 16:29:38+01:00,135
2015-05-24 16:28:38+01:00,135
2015-05-24 16:27:38+01:00,135
2015-05-24 16:26:38+01:00,135
2015-05-24 16:25:38+01:00,135
2015-05-24 16:24:38+01:00,135
2015-05-24 16:23:38+01:00,135
2015-05-24 16:22:38+01:00,135
2015-05-24 16:22:10+01:00,135
2015-05-24 16:00:38+01:00,135
2015-05-24 15:51:17+01:00,135
